,RegionID,SizeRank,RegionName,RegionType,StateName,State,Metro,StateCodeFIPS,MunicipalCodeFIPS,2000-01-31,2000-02-29,2000-03-31,2000-04-30,2000-05-31,2000-06-30,2000-07-31,2000-08-31,2000-09-30,2000-10-31,2000-11-30,2000-12-31,2001-01-31,2001-02-28,2001-03-31,2001-04-30,2001-05-31,2001-06-30,2001-07-31,2001-08-31,2001-09-30,2001-10-31,2001-11-30,2001-12-31,2002-01-31,2002-02-28,2002-03-31,2002-04-30,2002-05-31,2002-06-30,2002-07-31,2002-08-31,2002-09-30,2002-10-31,2002-11-30,2002-12-31,2003-01-31,2003-02-28,2003-03-31,2003-04-30,2003-05-31,2003-06-30,2003-07-31,2003-08-31,2003-09-30,2003-10-31,2003-11-30,2003-12-31,2004-01-31,2004-02-29,2004-03-31,2004-04-30,2004-05-31,2004-06-30,2004-07-31,2004-08-31,2004-09-30,2004-10-31,2004-11-30,2004-12-31,2005-01-31,2005-02-28,2005-03-31,2005-04-30,2005-05-31,2005-06-30,2005-07-31,2005-08-31,2005-09-30,2005-10-31,2005-11-30,2005-12-31,2006-01-31,2006-02-28,2006-03-31,2006-04-30,2006-05-31,2006-06-30,2006-07-31,2006-08-31,2006-09-30,2006-10-31,2006-11-30,2006-12-31,2007-01-31,2007-02-28,2007-03-31,2007-04-30,2007-05-31,2007-06-30,2007-07-31,2007-08-31,2007-09-30,2007-10-31,2007-11-30,2007-12-31,2008-01-31,2008-02-29,2008-03-31,2008-04-30,2008-05-31,2008-06-30,2008-07-31,2008-08-31,2008-09-30,2008-10-31,2008-11-30,2008-12-31,2009-01-31,2009-02-28,2009-03-31,2009-04-30,2009-05-31,2009-06-30,2009-07-31,2009-08-31,2009-09-30,2009-10-31,2009-11-30,2009-12-31,2010-01-31,2010-02-28,2010-03-31,2010-04-30,2010-05-31,2010-06-30,2010-07-31,2010-08-31,2010-09-30,2010-10-31,2010-11-30,2010-12-31,2011-01-31,2011-02-28,2011-03-31,2011-04-30,2011-05-31,2011-06-30,2011-07-31,2011-08-31,2011-09-30,2011-10-31,2011-11-30,2011-12-31,2012-01-31,2012-02-29,2012-03-31,2012-04-30,2012-05-31,2012-06-30,2012-07-31,2012-08-31,2012-09-30,2012-10-31,2012-11-30,2012-12-31,2013-01-31,2013-02-28,2013-03-31,2013-04-30,2013-05-31,2013-06-30,2013-07-31,2013-08-31,2013-09-30,2013-10-31,2013-11-30,2013-12-31,2014-01-31,2014-02-28,2014-03-31,2014-04-30,2014-05-31,2014-06-30,2014-07-31,2014-08-31,2014-09-30,2014-10-31,2014-11-30,2014-12-31,2015-01-31,2015-02-28,2015-03-31,2015-04-30,2015-05-31,2015-06-30,2015-07-31,2015-08-31,2015-09-30,2015-10-31,2015-11-30,2015-12-31,2016-01-31,2016-02-29,2016-03-31,2016-04-30,2016-05-31,2016-06-30,2016-07-31,2016-08-31,2016-09-30,2016-10-31,2016-11-30,2016-12-31,2017-01-31,2017-02-28,2017-03-31,2017-04-30,2017-05-31,2017-06-30,2017-07-31,2017-08-31,2017-09-30,2017-10-31,2017-11-30,2017-12-31,2018-01-31,2018-02-28,2018-03-31,2018-04-30,2018-05-31,2018-06-30,2018-07-31,2018-08-31,2018-09-30,2018-10-31,2018-11-30,2018-12-31,2019-01-31,2019-02-28,2019-03-31,2019-04-30,2019-05-31,2019-06-30,2019-07-31,2019-08-31,2019-09-30,2019-10-31,2019-11-30,2019-12-31,2020-01-31,2020-02-29,2020-03-31,2020-04-30,2020-05-31,2020-06-30,2020-07-31,2020-08-31,2020-09-30,2020-10-31,2020-11-30,2020-12-31,2021-01-31,2021-02-28,2021-03-31,2021-04-30,2021-05-31,2021-06-30,2021-07-31,2021-08-31,2021-09-30,2021-10-31,2021-11-30,2021-12-31,2022-01-31,2022-02-28,2022-03-31,2022-04-30,2022-05-31,2022-06-30,2022-07-31,2022-08-31,2022-09-30,2022-10-31
42,1020,42,Fulton County,county,GA,GA,"Atlanta-Sandy Springs-Alpharetta, GA",13,121,157523.0,158600.0,159501.0,161144.0,162585.0,163983.0,165511.0,166908.0,168353.0,169551.0,170769.0,171765.0,172845.0,173843.0,174832.0,175789.0,176622.0,177413.0,177885.0,178344.0,178780.0,179465.0,180282.0,180883.0,181377.0,181577.0,181604.0,181574.0,181405.0,181552.0,181498.0,181528.0,181656.0,181925.0,182600.0,182987.0,183447.0,183612.0,184023.0,184271.0,184285.0,184151.0,184018.0,184067.0,184212.0,184216.0,184050.0,183989.0,184480.0,185438.0,186108.0,186581.0,186757.0,186838.0,186810.0,187035.0,187540.0,187921.0,188268.0,188354.0,188721.0,188913.0,189312.0,189759.0,190284.0,191015.0,191423.0,191972.0,192248.0,192694.0,193044.0,193430.0,193634.0,193524.0,192997.0,192066.0,191437.0,191198.0,191817.0,192199.0,192691.0,193321.0,193932.0,194179.0,194268.0,194284.0,194744.0,194896.0,195171.0,195476.0,195835.0,196192.0,195907.0,195304.0,194642.0,194140.0,193017.0,190559.0,188566.0,187189.0,187384.0,186984.0,186199.0,184933.0,183758.0,182332.0,180196.0,177407.0,174540.0,172466.0,170173.0,168107.0,165989.0,164498.0,163533.0,162233.0,161430.0,160080.0,159268.0,157908.0,156514.0,155144.0,154492.0,154846.0,154912.0,154247.0,152586.0,150964.0,148032.0,145376.0,142627.0,141847.0,141043.0,140562.0,139182.0,138017.0,136037.0,134680.0,133638.0,132865.0,132282.0,131399.0,130220.0,128376.0,126727.0,126028.0,126049.0,126101.0,126149.0,126596.0,126952.0,127627.0,126716.0,125780.0,125519.0,126367.0,128319.0,129734.0,132024.0,134040.0,136129.0,138158.0,140480.0,142552.0,144050.0,145090.0,146659.0,148570.0,150937.0,152954.0,154799.0,156013.0,157346.0,158183.0,159275.0,159907.0,160709.0,161235.0,162070.0,163042.0,164546.0,165971.0,168221.0,170466.0,172996.0,174807.0,175327.0,175402.0,175946.0,177052.0,178925.0,179717.0,181437.0,182936.0,185650.0,187503.0,188862.0,189046.0,188961.0,188858.0,188788.0,190437.0,192077.0,194746.0,196731.0,198923.0,200896.0,201868.0,202986.0,203706.0,204821.0,206048.0,208556.0,210807.0,212536.0,213789.0,215704.0,217955.0,219662.0,221066.0,222917.0,224872.0,226663.0,227663.0,229585.0,231591.0,233664.0,234627.0,234937.0,234635.0,234222.0,234355.0,235278.0,234678.0,234682.0,234150.0,234826.0,234840.0,235218.0,236275.0,236833.0,238003.0,239363.0,240771.0,240609.0,240399.0,241313.0,242921.0,244174.0,245451.0,246291.0,247893.0,248707.0,251141.0,252628.0,254909.0,256885.0,260112.0,262906.0,266708.0,271236.0,276945.0,279848.0,282780.0,285226.0,291556.0,294960.0,299949.0,303566.0,307706.0,309819.0,309607.0,310561.0,309943.0
58,2314,58,Gwinnett County,county,GA,GA,"Atlanta-Sandy Springs-Alpharetta, GA",13,135,117064.0,117451.0,117874.0,118792.0,119695.0,120661.0,121593.0,122715.0,123738.0,124892.0,125784.0,126841.0,127624.0,128504.0,129178.0,129967.0,130782.0,131565.0,132289.0,133084.0,133971.0,134867.0,135641.0,136385.0,136957.0,137567.0,138232.0,138985.0,139702.0,140247.0,140671.0,141134.0,141694.0,142191.0,142424.0,142667.0,142931.0,143312.0,143625.0,143941.0,144061.0,144166.0,144337.0,144536.0,144640.0,144753.0,144974.0,145345.0,145538.0,145811.0,145899.0,146214.0,146467.0,146642.0,146748.0,146751.0,146908.0,147002.0,147027.0,147040.0,147142.0,147440.0,147745.0,148122.0,148538.0,148936.0,149205.0,149451.0,149765.0,150051.0,150415.0,150713.0,151031.0,151330.0,151561.0,151949.0,152309.0,152844.0,153340.0,153818.0,154075.0,154263.0,154192.0,154172.0,154090.0,154199.0,154548.0,154914.0,155311.0,155531.0,155670.0,155713.0,155549.0,155414.0,154944.0,154383.0,153168.0,152316.0,151187.0,150566.0,149539.0,148554.0,146995.0,145201.0,143631.0,142046.0,139915.0,136356.0,132731.0,129244.0,127551.0,126266.0,125412.0,124026.0,123181.0,122618.0,121337.0,119302.0,117964.0,117592.0,117291.0,115844.0,114196.0,113443.0,112844.0,112820.0,111513.0,110183.0,107694.0,105706.0,103688.0,101834.0,99717.0,98320.0,96837.0,95303.0,92871.0,90501.0,88382.0,87643.0,87602.0,87559.0,86772.0,85182.0,84254.0,83118.0,83834.0,84549.0,85236.0,85800.0,86667.0,87143.0,86506.0,86033.0,86842.0,88682.0,90339.0,92207.0,93618.0,94900.0,96550.0,98218.0,100111.0,102332.0,105064.0,107607.0,109346.0,111125.0,113008.0,114631.0,115870.0,116774.0,117882.0,118464.0,119564.0,120056.0,120686.0,121249.0,122145.0,122887.0,124078.0,125202.0,126028.0,126368.0,126920.0,128162.0,129161.0,130072.0,130965.0,131699.0,132228.0,132859.0,133703.0,134476.0,135446.0,136457.0,137881.0,138405.0,138731.0,139011.0,139743.0,140988.0,141923.0,143141.0,143930.0,145341.0,146280.0,147225.0,148341.0,149955.0,151229.0,151642.0,152399.0,153332.0,154643.0,155529.0,157459.0,159064.0,160788.0,161981.0,163437.0,164831.0,166027.0,167343.0,168803.0,170331.0,171438.0,172636.0,173051.0,174025.0,174960.0,176371.0,177331.0,177681.0,178268.0,178815.0,179480.0,179940.0,180857.0,181831.0,182473.0,183227.0,183905.0,184789.0,185250.0,185811.0,186622.0,188254.0,190839.0,193814.0,196390.0,198602.0,200477.0,203482.0,206609.0,210451.0,214487.0,220133.0,226291.0,231798.0,236502.0,241790.0,249318.0,257125.0,263151.0,266893.0,271946.0,279925.0,287641.0,292636.0,293312.0,293187.0,293250.0,294175.0
84,135,84,Cobb County,county,GA,GA,"Atlanta-Sandy Springs-Alpharetta, GA",13,67,121878.0,122059.0,122550.0,123550.0,124641.0,125587.0,126456.0,127425.0,128808.0,130212.0,131374.0,132302.0,132969.0,133872.0,134649.0,135569.0,136433.0,137228.0,137998.0,138800.0,139529.0,140181.0,140779.0,141452.0,142130.0,142887.0,143589.0,144345.0,144869.0,145290.0,145709.0,146176.0,146537.0,146854.0,147161.0,147278.0,147240.0,147084.0,147152.0,147231.0,147437.0,147772.0,148184.0,148610.0,148981.0,149174.0,149452.0,149727.0,149769.0,149719.0,149799.0,150394.0,150858.0,151347.0,151755.0,152318.0,152511.0,152611.0,152520.0,152709.0,152839.0,153211.0,153208.0,153471.0,153954.0,154638.0,154966.0,155053.0,155138.0,155394.0,155507.0,155858.0,156250.0,156621.0,156711.0,156969.0,157389.0,157986.0,158464.0,158728.0,158751.0,158590.0,158276.0,158258.0,157762.0,157646.0,157630.0,158190.0,158853.0,159165.0,159403.0,158915.0,158137.0,156796.0,155210.0,154665.0,153979.0,153940.0,152963.0,152734.0,152217.0,151673.0,151111.0,150484.0,150187.0,149804.0,149255.0,147459.0,145611.0,144545.0,143909.0,142419.0,140302.0,139030.0,138727.0,137783.0,135587.0,133364.0,132212.0,132519.0,132029.0,131507.0,131171.0,131684.0,131279.0,129968.0,127309.0,125062.0,121646.0,119131.0,116316.0,114458.0,112525.0,111161.0,109572.0,107727.0,105392.0,103596.0,102156.0,102171.0,102111.0,101672.0,101490.0,100693.0,101549.0,100810.0,101214.0,100255.0,100247.0,100363.0,100715.0,99881.0,98907.0,98813.0,99806.0,100770.0,101347.0,101481.0,101832.0,102675.0,104100.0,105805.0,107407.0,109547.0,111773.0,113474.0,114328.0,115065.0,116143.0,117879.0,119425.0,120653.0,121548.0,122144.0,122756.0,123360.0,124129.0,125485.0,126810.0,128204.0,129093.0,129624.0,129944.0,130730.0,132003.0,133259.0,133488.0,133820.0,134353.0,135298.0,136073.0,136676.0,137321.0,138613.0,140515.0,142299.0,143312.0,143641.0,143942.0,144083.0,144412.0,145123.0,145966.0,147477.0,148761.0,150073.0,150815.0,151881.0,153354.0,155135.0,157108.0,158239.0,159559.0,160664.0,162125.0,163805.0,165042.0,167011.0,167688.0,168741.0,169178.0,170479.0,171915.0,173167.0,174316.0,175815.0,177486.0,178728.0,179663.0,179864.0,180880.0,181610.0,183053.0,183122.0,183401.0,183968.0,185386.0,186294.0,186472.0,186700.0,186800.0,188274.0,189493.0,191438.0,191916.0,192596.0,193257.0,194810.0,196758.0,198855.0,201526.0,204257.0,206972.0,209503.0,212193.0,216221.0,220476.0,225128.0,229515.0,234200.0,238684.0,242647.0,247263.0,251976.0,257863.0,263023.0,269367.0,274247.0,278521.0,281126.0,283323.0,284693.0,285986.0,286909.0
85,984,85,Dekalb County,county,GA,GA,"Atlanta-Sandy Springs-Alpharetta, GA",13,89,114334.0,114942.0,115506.0,116623.0,117758.0,119005.0,120217.0,121465.0,122508.0,123676.0,124703.0,125900.0,126959.0,128118.0,129147.0,130137.0,130876.0,131615.0,132319.0,133023.0,133680.0,134279.0,134969.0,135664.0,136270.0,136847.0,137208.0,137582.0,137812.0,138030.0,138013.0,137949.0,137993.0,138264.0,138524.0,138668.0,138810.0,138990.0,139193.0,139263.0,139362.0,139317.0,139435.0,139511.0,139548.0,139530.0,139467.0,139722.0,139812.0,139963.0,139833.0,139962.0,140149.0,140439.0,140556.0,140599.0,140571.0,140621.0,140693.0,140809.0,141129.0,141410.0,141878.0,142208.0,142666.0,143466.0,143864.0,144229.0,144132.0,144250.0,144663.0,145175.0,146009.0,146703.0,147327.0,147789.0,147809.0,147924.0,148099.0,148408.0,148472.0,148168.0,147859.0,148081.0,148562.0,149029.0,149201.0,149483.0,149861.0,149780.0,149642.0,149498.0,149308.0,148930.0,147944.0,147389.0,146205.0,144961.0,143047.0,141684.0,140718.0,139966.0,139082.0,138459.0,137532.0,136547.0,134555.0,132750.0,130272.0,128534.0,126955.0,125948.0,124971.0,123929.0,122993.0,122360.0,121853.0,121751.0,121633.0,121719.0,121723.0,121562.0,120324.0,119514.0,118749.0,118296.0,116698.0,114717.0,113307.0,112438.0,111251.0,109777.0,108192.0,107279.0,106392.0,105106.0,103003.0,100816.0,98858.0,97523.0,96340.0,95728.0,94999.0,94432.0,93192.0,92918.0,93289.0,94354.0,94853.0,95204.0,95074.0,94478.0,93636.0,93008.0,92669.0,91821.0,91840.0,92340.0,93700.0,95038.0,96580.0,98183.0,99576.0,101042.0,102805.0,104472.0,106375.0,108106.0,109051.0,109708.0,110885.0,112311.0,113451.0,113718.0,114299.0,114603.0,115116.0,115538.0,116395.0,117178.0,118073.0,118320.0,118333.0,118474.0,119367.0,120510.0,121865.0,122964.0,123931.0,124198.0,124880.0,125816.0,128445.0,130348.0,132164.0,133081.0,133880.0,134968.0,135340.0,135838.0,135456.0,136043.0,137619.0,139003.0,140196.0,141563.0,143262.0,144259.0,144590.0,145611.0,147549.0,149085.0,151102.0,152483.0,154367.0,156376.0,158971.0,160782.0,162889.0,163826.0,165412.0,166019.0,167664.0,169082.0,170368.0,171508.0,172570.0,173686.0,174335.0,175162.0,175696.0,176387.0,176289.0,176448.0,176436.0,176891.0,177078.0,177307.0,178104.0,178871.0,179699.0,180249.0,180596.0,180513.0,179858.0,179580.0,180477.0,182226.0,184485.0,186505.0,188869.0,191100.0,192882.0,193579.0,193966.0,195180.0,198090.0,201740.0,205486.0,208196.0,210809.0,213667.0,216466.0,219964.0,223179.0,226673.0,229699.0,232550.0,235940.0,239932.0,242846.0,245098.0,245479.0,245823.0
239,1608,239,Chatham County,county,GA,GA,"Savannah, GA",13,51,111024.0,111419.0,111682.0,112243.0,112744.0,113326.0,113823.0,114303.0,114732.0,115404.0,116410.0,117410.0,118359.0,118631.0,118798.0,118912.0,119289.0,118870.0,118228.0,117595.0,117785.0,118045.0,118334.0,118902.0,119460.0,120308.0,121020.0,121652.0,122541.0,123113.0,124173.0,124947.0,126252.0,127283.0,127985.0,128559.0,129042.0,129573.0,129960.0,130289.0,130782.0,131329.0,132019.0,132719.0,133302.0,134386.0,135401.0,136221.0,136676.0,137176.0,138026.0,138949.0,139885.0,141028.0,141877.0,143053.0,144069.0,145668.0,147457.0,149221.0,150437.0,151025.0,151697.0,152602.0,153551.0,154773.0,156091.0,157377.0,158340.0,159064.0,159602.0,160261.0,161119.0,162180.0,163115.0,164015.0,164815.0,165921.0,166904.0,168214.0,169385.0,170760.0,171847.0,172899.0,173604.0,174442.0,174907.0,175331.0,175377.0,175719.0,176016.0,176684.0,176844.0,177030.0,176952.0,176789.0,176498.0,176643.0,177278.0,177690.0,177419.0,176814.0,176246.0,175162.0,173835.0,172223.0,170850.0,,162473.0,159572.0,,161852.0,162346.0,162206.0,162236.0,161410.0,160391.0,159252.0,159693.0,160183.0,159137.0,157883.0,156707.0,157108.0,156809.0,157155.0,157076.0,157113.0,156883.0,155666.0,154332.0,151946.0,150781.0,149565.0,149431.0,148847.0,148522.0,146957.0,145491.0,144278.0,144600.0,145034.0,145068.0,144397.0,143725.0,143900.0,144497.0,145220.0,145557.0,145113.0,144328.0,143480.0,143191.0,143629.0,143606.0,143571.0,143958.0,145039.0,145843.0,146862.0,147773.0,149041.0,149962.0,151311.0,152808.0,152425.0,151016.0,149185.0,150443.0,151964.0,153573.0,153326.0,153346.0,153898.0,154650.0,154305.0,153688.0,152844.0,152807.0,152953.0,156034.0,159404.0,161942.0,161764.0,161770.0,162832.0,163624.0,164736.0,163977.0,163787.0,163549.0,164766.0,169778.0,173442.0,176756.0,176719.0,178051.0,180019.0,180658.0,180644.0,176217.0,172650.0,169158.0,169812.0,170157.0,170152.0,170142.0,169813.0,170261.0,170616.0,171897.0,173043.0,174550.0,175500.0,176858.0,178346.0,178858.0,179357.0,179036.0,179624.0,179805.0,180298.0,181146.0,182035.0,182973.0,184689.0,186783.0,188894.0,189281.0,189655.0,190254.0,189319.0,188028.0,186357.0,187111.0,187462.0,188503.0,188199.0,188085.0,187341.0,187252.0,186730.0,186127.0,183248.0,180557.0,177937.0,178625.0,179826.0,181475.0,183331.0,185532.0,187597.0,188264.0,188822.0,190115.0,192765.0,195747.0,198212.0,200911.0,204583.0,209036.0,214205.0,219209.0,224994.0,228872.0,235140.0,238978.0,246063.0,250368.0,257578.0,263717.0,269640.0,275186.0,279418.0
242,1622,242,Clayton County,county,GA,GA,"Atlanta-Sandy Springs-Alpharetta, GA",13,63,63140.0,63234.0,63398.0,63822.0,64258.0,64780.0,65243.0,65717.0,66077.0,66476.0,66887.0,67372.0,67733.0,68014.0,68278.0,68611.0,68894.0,69290.0,69724.0,70206.0,70662.0,71053.0,71597.0,72026.0,72535.0,73019.0,73470.0,73776.0,74069.0,74422.0,74852.0,75289.0,75547.0,75817.0,75969.0,76292.0,76728.0,77130.0,77583.0,77806.0,78090.0,78033.0,,77062.0,76829.0,76810.0,77071.0,77300.0,77643.0,77476.0,76923.0,76378.0,76272.0,76842.0,77363.0,77895.0,77763.0,77821.0,77363.0,77353.0,77261.0,77286.0,77167.0,76851.0,76684.0,76256.0,75919.0,75202.0,75228.0,75616.0,76482.0,76758.0,76971.0,77104.0,77340.0,77446.0,77485.0,77356.0,77004.0,76598.0,76175.0,75802.0,75644.0,75314.0,75223.0,75158.0,75482.0,75635.0,75539.0,75349.0,75229.0,75086.0,74742.0,74539.0,74027.0,73391.0,71785.0,69384.0,66821.0,64735.0,63709.0,62282.0,60157.0,58842.0,57661.0,56592.0,54783.0,53427.0,52629.0,51567.0,50683.0,50204.0,50325.0,49781.0,48425.0,47390.0,47603.0,48084.0,47701.0,47123.0,46930.0,46630.0,46121.0,45261.0,44908.0,45106.0,45485.0,44959.0,43462.0,42016.0,41056.0,40286.0,38931.0,38539.0,38063.0,38265.0,37778.0,36816.0,35326.0,34244.0,34544.0,35431.0,35610.0,34958.0,34541.0,33978.0,34495.0,35051.0,35997.0,36426.0,37001.0,37654.0,37514.0,37369.0,37690.0,38916.0,39925.0,40893.0,41491.0,42093.0,43020.0,44646.0,46428.0,47714.0,48541.0,50472.0,52724.0,54691.0,56572.0,58024.0,59583.0,60798.0,61969.0,62556.0,62700.0,63108.0,63113.0,62629.0,62422.0,63346.0,64429.0,65292.0,65723.0,65366.0,64528.0,64194.0,65242.0,66701.0,67767.0,67683.0,67376.0,67268.0,66682.0,65968.0,65369.0,65813.0,65850.0,65517.0,65218.0,64736.0,64287.0,63837.0,64454.0,65314.0,66106.0,66754.0,67578.0,68356.0,68846.0,68927.0,69406.0,69877.0,70729.0,71881.0,73236.0,74104.0,74125.0,75106.0,75652.0,76581.0,76963.0,78212.0,80135.0,82039.0,83982.0,84304.0,84189.0,84571.0,86653.0,88520.0,90363.0,91355.0,92666.0,93722.0,94522.0,95055.0,95353.0,95793.0,95951.0,96683.0,98133.0,100482.0,101945.0,102426.0,101725.0,101191.0,101569.0,102746.0,104451.0,105891.0,106887.0,107462.0,108324.0,110141.0,112735.0,115775.0,119228.0,122053.0,124423.0,127845.0,132880.0,138469.0,143448.0,148654.0,154675.0,159312.0,164263.0,168347.0,173099.0,177635.0,180238.0,181126.0,179042.0,178771.0
273,2188,273,Cherokee County,county,GA,GA,"Atlanta-Sandy Springs-Alpharetta, GA",13,57,,153549.0,154114.0,155500.0,155681.0,156429.0,156610.0,157256.0,155387.0,154471.0,154980.0,157831.0,159816.0,160755.0,161544.0,162893.0,164071.0,165137.0,165925.0,166463.0,167430.0,167884.0,169495.0,170801.0,172423.0,173001.0,173406.0,174228.0,175023.0,175728.0,176175.0,176608.0,177309.0,177234.0,176940.0,176343.0,176209.0,176269.0,176397.0,176734.0,176904.0,176975.0,177090.0,177151.0,177731.0,177580.0,178114.0,178446.0,179297.0,179777.0,180108.0,181113.0,181816.0,182395.0,182376.0,182485.0,182829.0,182805.0,183179.0,183437.0,184064.0,184544.0,185057.0,185911.0,186387.0,186774.0,186971.0,187293.0,187790.0,187980.0,188325.0,188853.0,189724.0,190376.0,190750.0,191214.0,191901.0,192428.0,192897.0,193166.0,193733.0,194046.0,194431.0,194745.0,195399.0,195989.0,196492.0,197005.0,197643.0,198257.0,198723.0,198893.0,198861.0,,196463.0,,193675.0,192341.0,191703.0,190761.0,189942.0,188755.0,187559.0,186167.0,185313.0,184336.0,183193.0,181540.0,179239.0,176849.0,173350.0,170915.0,168844.0,167785.0,166525.0,164988.0,163477.0,163260.0,163194.0,163160.0,161475.0,160320.0,159637.0,159060.0,159277.0,159324.0,159526.0,157817.0,155700.0,152642.0,149885.0,146950.0,145004.0,143851.0,142886.0,141313.0,138866.0,136500.0,134708.0,133845.0,132849.0,132089.0,131123.0,130442.0,130058.0,129748.0,130131.0,131667.0,132389.0,133320.0,133137.0,133693.0,133577.0,133187.0,133535.0,134264.0,135188.0,136341.0,137905.0,139749.0,141423.0,143122.0,145301.0,148238.0,151431.0,154843.0,156693.0,158102.0,159596.0,160822.0,162104.0,162206.0,162683.0,162915.0,163227.0,163590.0,164074.0,163842.0,164063.0,164291.0,164732.0,165104.0,165425.0,166288.0,167779.0,169175.0,170334.0,171079.0,171842.0,173431.0,174480.0,176159.0,178065.0,179619.0,180697.0,181261.0,182299.0,183155.0,184021.0,184913.0,185993.0,186765.0,188104.0,189153.0,189983.0,190718.0,191393.0,192579.0,192908.0,193713.0,194523.0,195676.0,197047.0,198332.0,200215.0,202714.0,204935.0,207064.0,208038.0,209016.0,210482.0,211507.0,212802.0,213735.0,216125.0,218404.0,220486.0,221820.0,222867.0,224384.0,226108.0,227772.0,229078.0,230113.0,231346.0,232148.0,232651.0,233558.0,234693.0,235728.0,236253.0,236600.0,237099.0,238454.0,240247.0,242603.0,244422.0,246024.0,247787.0,249939.0,252808.0,256640.0,260260.0,263797.0,266909.0,270140.0,274269.0,280225.0,287336.0,295012.0,302027.0,309117.0,316088.0,322061.0,328692.0,336329.0,344188.0,352162.0,358677.0,364384.0,368736.0,371986.0,373648.0,373436.0
289,1711,289,Forsyth County,county,GA,GA,"Atlanta-Sandy Springs-Alpharetta, GA",13,117,209274.0,210393.0,211478.0,213875.0,215276.0,214341.0,214179.0,213136.0,214921.0,214554.0,215975.0,216057.0,216525.0,217996.0,220464.0,222858.0,224113.0,225440.0,226872.0,228395.0,229730.0,230284.0,230976.0,230789.0,231183.0,231295.0,232273.0,234250.0,235411.0,235980.0,235269.0,235385.0,235599.0,235587.0,235131.0,234098.0,233620.0,233497.0,233756.0,235185.0,236314.0,237282.0,237563.0,237861.0,238785.0,238778.0,239162.0,238774.0,238809.0,238887.0,239400.0,240385.0,240997.0,241531.0,241751.0,241882.0,242789.0,243350.0,244363.0,244314.0,245025.0,245249.0,246044.0,247068.0,248319.0,249569.0,250364.0,251258.0,252231.0,253393.0,254420.0,255108.0,255686.0,256322.0,257357.0,259082.0,261085.0,263213.0,264534.0,265646.0,266126.0,266861.0,267274.0,267690.0,268288.0,268598.0,268894.0,269729.0,270856.0,272427.0,272648.0,273207.0,273071.0,273101.0,272467.0,271283.0,269965.0,268341.0,267682.0,267090.0,266588.0,265332.0,263765.0,261442.0,258456.0,254989.0,253172.0,252032.0,250645.0,247927.0,245165.0,243423.0,241646.0,239486.0,236437.0,233761.0,231896.0,231408.0,230205.0,228776.0,227162.0,226644.0,226345.0,224303.0,222636.0,221095.0,220948.0,220184.0,218340.0,216090.0,213567.0,211363.0,207781.0,204001.0,201164.0,199718.0,198776.0,196583.0,194022.0,191623.0,191413.0,192216.0,192739.0,191630.0,191807.0,193215.0,195480.0,196513.0,197263.0,197671.0,198599.0,198695.0,198797.0,198603.0,197774.0,197196.0,197035.0,198729.0,200614.0,202460.0,203922.0,205815.0,207733.0,209992.0,211509.0,212302.0,213709.0,216456.0,220167.0,223001.0,224495.0,225556.0,226851.0,228707.0,230269.0,231624.0,232700.0,233795.0,234743.0,236133.0,238184.0,240584.0,242319.0,243704.0,244836.0,246184.0,247153.0,247786.0,248439.0,249585.0,250731.0,252352.0,253433.0,254617.0,255316.0,256383.0,257532.0,258768.0,260144.0,261451.0,262703.0,263528.0,265275.0,267300.0,269078.0,270416.0,271590.0,273286.0,274954.0,276631.0,278385.0,279891.0,281906.0,284058.0,286239.0,288710.0,290700.0,292079.0,293707.0,295864.0,298508.0,299856.0,300759.0,302163.0,303771.0,305681.0,307382.0,308399.0,308847.0,309995.0,310841.0,311332.0,310090.0,310321.0,311299.0,313306.0,313822.0,313734.0,314121.0,315514.0,316511.0,314909.0,314406.0,315981.0,319095.0,321113.0,322213.0,323921.0,326983.0,330627.0,335316.0,339189.0,342557.0,346536.0,350822.0,358124.0,365573.0,374921.0,384081.0,394526.0,404017.0,413349.0,421497.0,430695.0,439355.0,448189.0,459384.0,471541.0,482658.0,489186.0,492473.0,492854.0,491871.0,489610.0
297,553,297,Henry County,county,GA,GA,"Atlanta-Sandy Springs-Alpharetta, GA",13,151,,,,,,,,,,,,,,131535.0,131282.0,130919.0,132670.0,135024.0,137069.0,138168.0,139511.0,141079.0,142101.0,143043.0,143586.0,144706.0,145579.0,146970.0,147172.0,147122.0,146485.0,146078.0,146568.0,148328.0,150685.0,152480.0,153706.0,154907.0,155724.0,156432.0,156782.0,157954.0,158733.0,158681.0,158574.0,158108.0,158356.0,158396.0,158943.0,159667.0,159414.0,158594.0,157363.0,156666.0,156196.0,156310.0,156934.0,157491.0,157834.0,158019.0,158681.0,159568.0,160189.0,160609.0,160541.0,160480.0,160188.0,159777.0,159610.0,159374.0,159488.0,159556.0,160197.0,161003.0,161724.0,161944.0,161941.0,161881.0,161980.0,162584.0,163270.0,163837.0,164039.0,164075.0,164428.0,164830.0,165148.0,165268.0,164726.0,163990.0,163311.0,163370.0,163649.0,163458.0,162349.0,161410.0,160154.0,159497.0,157316.0,155190.0,152829.0,151257.0,149661.0,148177.0,146976.0,146317.0,144012.0,140809.0,137642.0,133703.0,131355.0,127389.0,125409.0,121696.0,118103.0,115104.0,112383.0,110735.0,108970.0,107730.0,106675.0,105128.0,103805.0,102905.0,103649.0,104537.0,103752.0,100974.0,99264.0,97803.0,96961.0,94246.0,92918.0,91610.0,90905.0,88793.0,85923.0,82963.0,80981.0,80516.0,81061.0,80940.0,80119.0,78021.0,76544.0,75794.0,75871.0,75340.0,73816.0,72681.0,73015.0,74049.0,74983.0,76148.0,77370.0,78653.0,79699.0,80752.0,82088.0,83122.0,84559.0,85020.0,85531.0,86298.0,86798.0,87886.0,89474.0,91563.0,92897.0,93075.0,93463.0,94142.0,95030.0,96589.0,98340.0,99318.0,99817.0,99590.0,100071.0,100700.0,100767.0,100909.0,100579.0,101828.0,104006.0,106071.0,107407.0,107792.0,107980.0,108446.0,108847.0,110281.0,111289.0,112080.0,111523.0,110731.0,109446.0,109146.0,109129.0,109550.0,109161.0,109178.0,109722.0,111182.0,112360.0,113139.0,113505.0,114348.0,115239.0,115994.0,116448.0,117387.0,118698.0,120178.0,121373.0,122679.0,123859.0,125970.0,128142.0,130671.0,131451.0,132282.0,133280.0,135142.0,136145.0,137136.0,137425.0,138085.0,138437.0,139739.0,141515.0,143524.0,145503.0,147172.0,147937.0,148498.0,148425.0,148728.0,148507.0,149697.0,151794.0,154147.0,154877.0,155152.0,155445.0,156757.0,157550.0,158652.0,160461.0,162487.0,164221.0,165059.0,166760.0,170035.0,173304.0,178130.0,180821.0,184879.0,188258.0,192915.0,198023.0,203159.0,207967.0,212365.0,216700.0,221564.0,226766.0,231428.0,237679.0,242919.0,246198.0,247941.0,248341.0,247955.0
327,2509,327,Richmond County,county,GA,GA,"Augusta-Richmond County, GA-SC",13,245,,,,,,,,,,,,,,,,,,,,,,,,,,,,,,,,,,,,,,,,,,,,,,,,,,,,,,,,,,,,,,,,,,,,,,,,,,,,,,,,,,,,,,,,,,,,,,,,,,,,,,,,,,,,,,,,,,,,,,,,,,,,,,,,,,,,,,,,,,,,,,,,,,,,,,,,,,,,,,,,,,,,,,,,,,,,,,,,,,,,,,,,,,,,,,,,,,,,,,,,,,,,,,,,,,,,,,,,,,,,,,,,,,,,,,,,,,,,,,,,,,,,,,,,,,,,,136051.0,137420.0,138361.0,140536.0,142922.0,145273.0,147278.0,148223.0,148923.0,149881.0,151702.0,154010.0,156623.0,159722.0,162284.0,164321.0,165976.0,168513.0,171727.0,174885.0,177321.0,179538.0
333,172,334,Hall County,county,GA,GA,"Gainesville, GA",13,139,109931.0,110082.0,110332.0,110828.0,111151.0,111664.0,112086.0,112246.0,112243.0,112534.0,113607.0,114925.0,115818.0,116399.0,117116.0,117520.0,117736.0,117456.0,117623.0,118006.0,118587.0,118904.0,119143.0,119207.0,120030.0,120927.0,121512.0,121822.0,122018.0,122219.0,122364.0,122757.0,123163.0,123356.0,123185.0,123445.0,123297.0,123408.0,123622.0,124243.0,124739.0,125046.0,125111.0,125590.0,126142.0,127031.0,127450.0,127979.0,127412.0,126890.0,125966.0,125447.0,125063.0,124431.0,124568.0,124249.0,124360.0,124036.0,123934.0,124368.0,124960.0,125990.0,126173.0,126768.0,127123.0,127929.0,128596.0,129527.0,130041.0,130786.0,131194.0,131881.0,132041.0,132382.0,132663.0,133460.0,134083.0,134432.0,134183.0,134046.0,134033.0,133869.0,133645.0,133557.0,134096.0,134843.0,135559.0,136396.0,136866.0,137895.0,138480.0,139360.0,139620.0,140269.0,140774.0,141292.0,141071.0,140179.0,138994.0,137811.0,137138.0,136134.0,135228.0,134075.0,133172.0,131684.0,130103.0,128493.0,127472.0,126716.0,126112.0,124848.0,122984.0,121489.0,120993.0,119619.0,117137.0,115004.0,114173.0,113021.0,110923.0,108210.0,106728.0,104797.0,103942.0,102887.0,102552.0,101815.0,101169.0,99628.0,97364.0,94021.0,91384.0,89936.0,89520.0,88964.0,86840.0,84537.0,82303.0,81441.0,80595.0,79864.0,78719.0,76945.0,76379.0,76210.0,77385.0,77921.0,78890.0,79576.0,80913.0,81883.0,83627.0,84456.0,84997.0,85054.0,85334.0,85097.0,84433.0,84461.0,85902.0,87923.0,89420.0,90787.0,92082.0,94048.0,96421.0,98114.0,99791.0,101076.0,103143.0,105544.0,107343.0,108569.0,108731.0,109123.0,109696.0,110351.0,110820.0,111704.0,111794.0,111892.0,111719.0,112424.0,113671.0,114812.0,115700.0,116642.0,117717.0,118822.0,119685.0,120917.0,122338.0,123784.0,125034.0,126290.0,127044.0,128142.0,128747.0,129251.0,128982.0,129615.0,130679.0,132671.0,,143251.0,147551.0,148224.0,148079.0,148419.0,149156.0,150296.0,151461.0,152189.0,153491.0,154634.0,156108.0,157328.0,159404.0,160817.0,162146.0,162290.0,162598.0,163249.0,164116.0,165455.0,167062.0,169955.0,171480.0,172265.0,171889.0,172677.0,173211.0,174659.0,175383.0,176299.0,176569.0,177156.0,177398.0,177706.0,178069.0,178807.0,179218.0,180122.0,180477.0,180382.0,180006.0,180849.0,183337.0,186134.0,188668.0,191691.0,194503.0,198040.0,201286.0,204547.0,206765.0,209892.0,215217.0,222328.0,228583.0,235104.0,242286.0,249277.0,255305.0,261639.0,266525.0,269306.0,270995.0,273785.0,276988.0,278967.0,280312.0,280589.0
338,2448,339,Muscogee County,county,GA,GA,"Columbus, GA-AL",13,215,81767.0,81148.0,80985.0,81002.0,81464.0,82135.0,82688.0,82974.0,82406.0,82106.0,82134.0,82689.0,82797.0,83641.0,84841.0,86375.0,87173.0,87617.0,87986.0,88500.0,90182.0,91355.0,94291.0,95957.0,98487.0,99378.0,100016.0,100209.0,99575.0,99113.0,98887.0,97542.0,96463.0,94877.0,94743.0,94520.0,94411.0,94331.0,94596.0,94784.0,95102.0,95744.0,97622.0,99736.0,101625.0,103078.0,104370.0,105397.0,105819.0,106288.0,106653.0,107104.0,107095.0,107216.0,106832.0,106619.0,106364.0,106184.0,106088.0,106622.0,110629.0,114022.0,116673.0,116518.0,117497.0,118603.0,119497.0,119994.0,120487.0,121594.0,122900.0,123780.0,123614.0,123416.0,123813.0,124881.0,125703.0,126430.0,125626.0,125718.0,125820.0,127720.0,128592.0,130212.0,130962.0,131691.0,131758.0,131784.0,131923.0,132005.0,132599.0,133573.0,134450.0,135214.0,135827.0,136211.0,135929.0,135742.0,135796.0,136357.0,136017.0,135340.0,134509.0,134540.0,134870.0,135569.0,135876.0,135860.0,132110.0,128361.0,125157.0,125001.0,124914.0,124722.0,124709.0,124456.0,123016.0,121436.0,119765.0,118701.0,118485.0,118436.0,119592.0,119909.0,121235.0,121219.0,121237.0,120828.0,120019.0,119216.0,117988.0,117423.0,117300.0,117151.0,117350.0,117157.0,116681.0,115714.0,115047.0,115033.0,115037.0,114851.0,114482.0,114502.0,113261.0,112358.0,112058.0,113376.0,114767.0,115725.0,116487.0,116632.0,115961.0,115159.0,114524.0,114302.0,114157.0,114002.0,113708.0,113524.0,113412.0,114169.0,114774.0,114505.0,114501.0,114952.0,115597.0,115669.0,114271.0,113423.0,111593.0,110793.0,110499.0,110984.0,110924.0,110185.0,109263.0,108866.0,108660.0,108817.0,109095.0,109737.0,110352.0,110985.0,111050.0,111299.0,111730.0,112418.0,112668.0,111934.0,111535.0,111122.0,112119.0,112916.0,113794.0,113616.0,114074.0,114688.0,115582.0,115832.0,115928.0,116141.0,116013.0,115577.0,114590.0,113903.0,113802.0,114590.0,114749.0,114732.0,114343.0,114480.0,114939.0,115135.0,115604.0,116154.0,117433.0,118324.0,118731.0,118291.0,118096.0,117759.0,117141.0,116295.0,115784.0,116110.0,116677.0,117327.0,117908.0,118373.0,118162.0,117712.0,117227.0,117653.0,118423.0,118856.0,119322.0,119748.0,120537.0,121061.0,121738.0,122442.0,123208.0,123841.0,124750.0,125977.0,127328.0,128522.0,128942.0,129041.0,129481.0,130515.0,131876.0,133044.0,135324.0,137571.0,139900.0,140793.0,141904.0,143488.0,145978.0,148483.0,150998.0,153245.0,155668.0,158158.0,159910.0,161918.0,163111.0,164368.0,165222.0,166385.0,167907.0,169117.0
402,2470,406,Paulding County,county,GA,GA,"Atlanta-Sandy Springs-Alpharetta, GA",13,223,,,,,,,,,,,,,,,,,,,,,,,,,,,,,,,,,,,,,,,,,,,,,,,,,,,,,,,,,,,,,,,,,,,,,,,,,,,,,,,,,,,,,,,,,,,,,,,,,,,,,,,,,,,,,,,,,,,,,,,,,,,,,,,,,,,,,,,,,,,,,,,,,,,,,,,,,,,,,,,,,,,,,,,,,,,,,,,,,,,,,,,,,,,,,,,,,,,,,,,,,,,,,,,,,,,,,,,,,,,,,,,,,,,,,,,,,,,,,,,,,,,,,,,,,,,,,192387.0,194188.0,195197.0,197762.0,200294.0,204972.0,211469.0,220857.0,230206.0,239483.0,246502.0,252395.0,257506.0,261473.0,267686.0,273692.0,281632.0,286446.0,289505.0,290502.0,290020.0,287990.0
425,1782,429,Houston County,county,GA,GA,"Warner Robins, GA",13,153,65038.0,65248.0,65532.0,66097.0,66703.0,67179.0,67776.0,68175.0,68931.0,69392.0,69853.0,69981.0,70203.0,70494.0,70582.0,70651.0,70576.0,70633.0,70534.0,70701.0,70737.0,70891.0,71026.0,71134.0,71054.0,70627.0,70328.0,70235.0,70490.0,70798.0,70816.0,70622.0,70535.0,70558.0,70678.0,70699.0,70871.0,71077.0,71197.0,71157.0,71273.0,71327.0,71368.0,71287.0,71227.0,71276.0,71297.0,71496.0,71682.0,71822.0,71928.0,72148.0,72308.0,72436.0,72557.0,72953.0,73362.0,73722.0,73932.0,74275.0,74665.0,75045.0,75378.0,75629.0,75754.0,75654.0,75625.0,75657.0,75827.0,76002.0,76247.0,76584.0,77085.0,77442.0,77815.0,77943.0,78444.0,78771.0,79221.0,79447.0,79563.0,79671.0,79808.0,80211.0,80473.0,80761.0,81068.0,81418.0,81523.0,81317.0,80949.0,80795.0,80995.0,81360.0,81648.0,81640.0,81555.0,81598.0,81583.0,81798.0,81790.0,81840.0,81681.0,81441.0,81046.0,80520.0,79787.0,79249.0,78950.0,78937.0,79059.0,78996.0,78833.0,78556.0,77855.0,77107.0,76398.0,76012.0,75353.0,73975.0,72650.0,71837.0,71735.0,71861.0,71578.0,71214.0,71159.0,71409.0,71039.0,70501.0,69774.0,69121.0,68194.0,67283.0,66848.0,66372.0,66115.0,66152.0,65884.0,65778.0,65763.0,66289.0,66645.0,66636.0,66323.0,65957.0,65765.0,65775.0,65543.0,65424.0,65325.0,65513.0,65271.0,64903.0,64721.0,64408.0,64120.0,63533.0,63239.0,62367.0,61816.0,61558.0,61717.0,61719.0,61577.0,61776.0,61940.0,62449.0,63420.0,64330.0,65193.0,65174.0,65500.0,65665.0,66031.0,66206.0,66053.0,65934.0,65444.0,65210.0,64981.0,65001.0,64770.0,64669.0,64377.0,64182.0,63367.0,62540.0,61947.0,62015.0,62741.0,64111.0,64979.0,65546.0,65210.0,65001.0,64691.0,64013.0,63596.0,63277.0,63349.0,63240.0,63414.0,63330.0,62823.0,61961.0,61369.0,61590.0,62020.0,62597.0,62688.0,62420.0,61962.0,61974.0,62191.0,62724.0,64209.0,65715.0,66964.0,67159.0,67762.0,68451.0,69371.0,69655.0,70023.0,70278.0,70879.0,71375.0,71443.0,71664.0,72349.0,73272.0,73414.0,73103.0,73101.0,73729.0,74676.0,75773.0,76910.0,77186.0,76846.0,76291.0,76151.0,76375.0,76976.0,77786.0,78920.0,79977.0,80329.0,80211.0,79627.0,79768.0,79844.0,80491.0,81230.0,82232.0,82869.0,83620.0,84862.0,86102.0,87405.0,88351.0,89998.0,92154.0,94807.0,96251.0,97780.0,99195.0,102087.0,104544.0,107112.0,109230.0,111262.0,113007.0
426,101,430,Bibb County,county,GA,GA,"Macon-Bibb County, GA",13,21,81269.0,81587.0,81508.0,81617.0,81514.0,81599.0,81606.0,81595.0,81796.0,82231.0,83016.0,83916.0,84679.0,85003.0,85291.0,85650.0,86145.0,86582.0,86938.0,87571.0,87942.0,88202.0,87841.0,87752.0,87993.0,88625.0,89575.0,90095.0,90477.0,90091.0,90100.0,90090.0,90346.0,90821.0,91471.0,92048.0,92239.0,92307.0,92328.0,92459.0,92600.0,92857.0,92913.0,93023.0,93238.0,93245.0,93272.0,93163.0,93060.0,93122.0,93254.0,93676.0,93754.0,93950.0,93955.0,94137.0,94217.0,94470.0,95036.0,95683.0,96270.0,96766.0,97226.0,97710.0,98122.0,98293.0,98528.0,98461.0,98719.0,98872.0,99346.0,99806.0,100232.0,100551.0,100563.0,100829.0,101248.0,101515.0,101646.0,102019.0,102624.0,103148.0,102991.0,103120.0,103555.0,104424.0,105148.0,105619.0,106112.0,106635.0,107215.0,107591.0,107691.0,107730.0,107597.0,107455.0,107371.0,107547.0,107648.0,107893.0,108560.0,109391.0,109784.0,108920.0,107612.0,106531.0,105897.0,105798.0,105495.0,105260.0,104990.0,104653.0,103537.0,102197.0,100913.0,100251.0,99412.0,98383.0,97446.0,96585.0,95838.0,95268.0,94837.0,94587.0,94268.0,93990.0,93642.0,93342.0,92949.0,92443.0,91710.0,91026.0,90430.0,89652.0,88836.0,87806.0,87034.0,86381.0,86054.0,85788.0,85464.0,85153.0,84917.0,84624.0,84158.0,83781.0,83534.0,83460.0,83292.0,83201.0,83155.0,83298.0,83616.0,83949.0,84237.0,84393.0,84567.0,84808.0,85130.0,85474.0,85867.0,86339.0,86853.0,87372.0,87834.0,88313.0,88658.0,88961.0,89164.0,89491.0,89821.0,90182.0,90570.0,90993.0,91360.0,91703.0,92129.0,92623.0,93215.0,93668.0,94110.0,94297.0,94546.0,94897.0,95328.0,95656.0,95767.0,95861.0,95991.0,96060.0,,,,93211.0,93452.0,93609.0,93881.0,93552.0,93555.0,93491.0,93728.0,93341.0,93363.0,93540.0,93985.0,94052.0,94113.0,94418.0,94626.0,94858.0,94996.0,95285.0,95612.0,96114.0,96717.0,97413.0,98147.0,98572.0,98980.0,98759.0,98746.0,98615.0,99302.0,100025.0,101172.0,101281.0,101093.0,100644.0,101408.0,102821.0,104032.0,105295.0,106273.0,107722.0,108405.0,108693.0,108696.0,109535.0,110727.0,111383.0,111243.0,111423.0,111911.0,112303.0,112583.0,112532.0,113210.0,113611.0,114483.0,115301.0,116235.0,117366.0,118563.0,119705.0,120134.0,120708.0,121722.0,123530.0,125584.0,128371.0,131763.0,135297.0,138063.0,140191.0,141841.0,144214.0,145961.0,148775.0,150536.0,153263.0,154525.0,155866.0,156848.0,158024.0
432,2213,436,Columbia County,county,GA,GA,"Augusta-Richmond County, GA-SC",13,73,,,,,,,,,,,,,,,,,,,,,,,,,,,,,,,,,,,,,,,,,,,,,,,,,,,,,,,,,,,,,,108358.0,108774.0,109090.0,109595.0,109814.0,110239.0,110581.0,111204.0,111887.0,112336.0,112259.0,111928.0,112151.0,112569.0,113322.0,114179.0,115617.0,117077.0,118579.0,120045.0,121140.0,121548.0,121711.0,121980.0,122674.0,123089.0,123459.0,123608.0,123807.0,123737.0,124106.0,124724.0,125560.0,125833.0,125828.0,125822.0,125885.0,126177.0,126602.0,127021.0,126967.0,126512.0,125711.0,124825.0,124083.0,123162.0,122649.0,122055.0,121987.0,121422.0,121064.0,120236.0,119962.0,119587.0,119755.0,119984.0,120279.0,120837.0,121189.0,121391.0,120920.0,120340.0,119547.0,118844.0,118150.0,117982.0,117668.0,116995.0,115883.0,114850.0,114041.0,113892.0,113940.0,114138.0,114009.0,113930.0,113910.0,113491.0,112888.0,112308.0,111765.0,111511.0,111024.0,110707.0,110150.0,109713.0,109413.0,109274.0,109284.0,109345.0,109221.0,109087.0,108364.0,108375.0,108750.0,109688.0,110551.0,110836.0,110623.0,110488.0,110539.0,111116.0,111049.0,111054.0,111326.0,111653.0,112126.0,112514.0,113171.0,113731.0,114225.0,114154.0,113789.0,113224.0,112875.0,112515.0,112225.0,112049.0,112212.0,112712.0,113403.0,114102.0,114397.0,115015.0,115670.0,116454.0,116675.0,116613.0,116632.0,116787.0,117223.0,117490.0,117881.0,118005.0,118303.0,118547.0,118978.0,119153.0,119168.0,118960.0,118769.0,118598.0,118545.0,118216.0,117798.0,117776.0,117938.0,118380.0,118626.0,119287.0,120184.0,121531.0,122725.0,123612.0,124207.0,124513.0,124792.0,124683.0,125008.0,125261.0,125744.0,125962.0,126538.0,127360.0,128327.0,129123.0,129663.0,129667.0,129679.0,129878.0,130233.0,130583.0,130668.0,131025.0,131282.0,131560.0,131832.0,132078.0,132225.0,132515.0,132648.0,133628.0,134715.0,135976.0,136827.0,137539.0,138592.0,139368.0,140523.0,141572.0,142970.0,144223.0,145765.0,147352.0,149167.0,151146.0,153630.0,156402.0,159248.0,162049.0,164884.0,168156.0,171477.0,174580.0,177453.0,179961.0,182295.0,184291.0,186171.0,188199.0,190018.0,192024.0,194224.0
445,1671,449,Douglas County,county,GA,GA,"Atlanta-Sandy Springs-Alpharetta, GA",13,97,,,,,,,,,,,,,,,,,,,,,,,,,,,,,,,,,,,,,,,,,,,,,,,,,,162331.0,161986.0,162444.0,163199.0,163737.0,163116.0,163453.0,163569.0,163967.0,164115.0,164311.0,164669.0,165364.0,166190.0,164775.0,162474.0,160258.0,161408.0,162674.0,164467.0,165231.0,165408.0,164559.0,162496.0,162243.0,161811.0,163562.0,164223.0,164563.0,163435.0,162238.0,162647.0,163119.0,164231.0,165068.0,166283.0,166917.0,167042.0,167503.0,167548.0,167092.0,165899.0,165299.0,164543.0,164055.0,163244.0,162384.0,160431.0,158186.0,156217.0,155465.0,154692.0,153172.0,151421.0,148642.0,147127.0,144873.0,143909.0,141349.0,138547.0,135410.0,133423.0,131571.0,129894.0,126505.0,124468.0,121932.0,119938.0,113875.0,107886.0,103198.0,102452.0,102537.0,102687.0,101921.0,100587.0,99513.0,98260.0,97466.0,95602.0,93859.0,91068.0,88864.0,85554.0,82942.0,80201.0,79018.0,77686.0,75658.0,73116.0,70949.0,70748.0,71963.0,72806.0,72423.0,72073.0,72766.0,74127.0,76386.0,78968.0,81336.0,82569.0,83834.0,84449.0,84732.0,84648.0,85574.0,87330.0,89788.0,92299.0,92226.0,92492.0,93599.0,97273.0,100493.0,102817.0,104201.0,105907.0,107775.0,109659.0,109272.0,108170.0,108664.0,109940.0,112235.0,112259.0,111728.0,111050.0,109996.0,109715.0,109825.0,111242.0,111960.0,111535.0,110563.0,110477.0,110215.0,110400.0,110540.0,110310.0,110849.0,111624.0,112755.0,112491.0,112227.0,111692.0,111835.0,111694.0,112134.0,112342.0,112921.0,112756.0,112747.0,112960.0,113872.0,115100.0,116506.0,117381.0,118129.0,118308.0,119077.0,120283.0,121544.0,123394.0,124626.0,126094.0,127074.0,128232.0,129057.0,130226.0,131129.0,131705.0,132008.0,132389.0,133108.0,133879.0,135006.0,136589.0,138628.0,139719.0,140257.0,139524.0,139468.0,139678.0,140905.0,142665.0,143551.0,144266.0,144792.0,145492.0,144899.0,144784.0,145100.0,147006.0,147995.0,149069.0,149638.0,150479.0,151972.0,154560.0,158092.0,161755.0,165682.0,168866.0,171715.0,174443.0,178403.0,182030.0,185348.0,188167.0,191236.0,194491.0,198624.0,204302.0,210340.0,217598.0,223409.0,227831.0,232395.0,236839.0,242130.0,245174.0,247902.0,247432.0,247611.0
446,960,450,Coweta County,county,GA,GA,"Atlanta-Sandy Springs-Alpharetta, GA",13,77,,,,,,,,,,,,,,,,,,,,,,,,,,,,,,,,,,,,,,140747.0,141065.0,142004.0,142483.0,142317.0,142398.0,142851.0,143755.0,144507.0,144810.0,144856.0,144704.0,144854.0,145048.0,145167.0,145321.0,145311.0,145776.0,146018.0,146872.0,147899.0,148663.0,149207.0,149108.0,149423.0,149850.0,150385.0,150765.0,151106.0,152073.0,152711.0,153119.0,153318.0,153813.0,153941.0,153666.0,153624.0,153794.0,154584.0,155113.0,156076.0,156684.0,157279.0,157523.0,157285.0,157054.0,157107.0,157318.0,157671.0,158015.0,158579.0,158879.0,159093.0,159165.0,159312.0,159380.0,159502.0,159336.0,159143.0,158738.0,158187.0,157343.0,156537.0,155839.0,155173.0,154847.0,154637.0,154009.0,153278.0,151461.0,149249.0,147281.0,144813.0,143303.0,141881.0,141836.0,141254.0,139773.0,138223.0,137298.0,137027.0,137137.0,137298.0,137822.0,138685.0,138567.0,138106.0,136513.0,135356.0,134014.0,133093.0,132400.0,130397.0,128004.0,125367.0,123671.0,122654.0,121952.0,121124.0,119915.0,117465.0,115239.0,113589.0,113387.0,112180.0,111253.0,109698.0,109668.0,108868.0,110119.0,110916.0,112573.0,114302.0,116951.0,118558.0,118806.0,118022.0,118093.0,118668.0,119580.0,120856.0,121332.0,121456.0,121756.0,122435.0,123961.0,125387.0,127515.0,129630.0,131379.0,132423.0,133346.0,133986.0,134351.0,135002.0,136068.0,136950.0,136830.0,136698.0,137133.0,138086.0,138817.0,139643.0,140003.0,140958.0,141388.0,142006.0,141619.0,141579.0,141210.0,141186.0,141590.0,142706.0,143601.0,144007.0,144354.0,144824.0,145489.0,146284.0,147281.0,148267.0,148943.0,149503.0,149824.0,150894.0,152297.0,154432.0,154917.0,154727.0,153665.0,153690.0,154147.0,155066.0,155892.0,156836.0,157547.0,157974.0,158355.0,159684.0,161829.0,164207.0,165887.0,166740.0,167959.0,169450.0,171098.0,172624.0,173786.0,175107.0,175986.0,176542.0,177238.0,177970.0,179270.0,180717.0,181806.0,182895.0,183657.0,184621.0,184935.0,185661.0,186114.0,187665.0,188849.0,190214.0,191510.0,192783.0,193938.0,194364.0,195263.0,196772.0,198120.0,199640.0,201258.0,203740.0,205991.0,208317.0,210983.0,213845.0,217630.0,223496.0,229254.0,235734.0,239971.0,246198.0,250449.0,255853.0,261435.0,267643.0,273779.0,278636.0,282695.0,285378.0,288931.0,292298.0,295097.0,294203.0
491,940,499,Clarke County,county,GA,GA,"Athens-Clarke County, GA",13,59,80401.0,80736.0,80994.0,81543.0,81814.0,82059.0,82446.0,83136.0,83816.0,84425.0,84901.0,85580.0,86467.0,86941.0,87438.0,87527.0,87970.0,88225.0,88548.0,88997.0,89541.0,90043.0,90417.0,90682.0,91126.0,91661.0,92225.0,92592.0,93414.0,94508.0,95585.0,96397.0,96896.0,97457.0,97590.0,97926.0,98371.0,98839.0,99204.0,99136.0,99278.0,99312.0,99970.0,100849.0,101614.0,102202.0,102608.0,103307.0,104155.0,105129.0,105854.0,106606.0,107065.0,107948.0,108318.0,108828.0,109218.0,110172.0,111232.0,111948.0,112047.0,111833.0,111912.0,112379.0,113027.0,113214.0,113104.0,112833.0,112854.0,112540.0,114024.0,115160.0,116914.0,116897.0,117154.0,116510.0,115992.0,115729.0,116119.0,116293.0,116168.0,116110.0,116243.0,116487.0,116802.0,117041.0,117231.0,117282.0,117086.0,116630.0,116143.0,115827.0,115791.0,116005.0,116253.0,116421.0,116536.0,116765.0,116875.0,116782.0,116490.0,116153.0,115903.0,115464.0,115158.0,114710.0,114391.0,114004.0,113785.0,113653.0,113530.0,113180.0,112288.0,111315.0,110196.0,109386.0,108434.0,107597.0,106757.0,105970.0,105221.0,105606.0,105613.0,105912.0,105437.0,105759.0,105856.0,105934.0,105678.0,105408.0,105205.0,104806.0,103843.0,102664.0,102046.0,101866.0,101291.0,100184.0,99095.0,98159.0,97139.0,95586.0,93432.0,91970.0,90793.0,89701.0,87953.0,86185.0,85221.0,84966.0,85232.0,85729.0,85821.0,87448.0,89843.0,92842.0,95831.0,97696.0,99044.0,99030.0,99185.0,99626.0,101432.0,102407.0,102274.0,100645.0,99841.0,100041.0,100341.0,100843.0,101401.0,101890.0,102592.0,102619.0,102400.0,101689.0,101386.0,101384.0,101754.0,102184.0,102687.0,103116.0,103623.0,103826.0,103761.0,103389.0,102997.0,102866.0,102874.0,103173.0,103157.0,103288.0,103051.0,102995.0,103062.0,103500.0,103899.0,103751.0,103203.0,102936.0,103331.0,103672.0,103766.0,103354.0,103435.0,104345.0,105953.0,107643.0,108918.0,109343.0,109491.0,109073.0,110134.0,112440.0,115122.0,116765.0,116724.0,116567.0,116861.0,117994.0,119065.0,119746.0,120382.0,121617.0,122640.0,123119.0,123716.0,124114.0,125102.0,125716.0,126889.0,127904.0,128915.0,129988.0,130893.0,131692.0,133097.0,134797.0,135980.0,136266.0,136518.0,137613.0,138631.0,139641.0,140643.0,141971.0,143415.0,145925.0,148794.0,151548.0,152763.0,153393.0,153813.0,154867.0,155988.0,158067.0,160087.0,163367.0,166555.0,170348.0,173544.0,176815.0,180009.0,183792.0,187752.0,193723.0,196208.0,199444.0,199918.0,204251.0,207875.0,211856.0,214662.0,216613.0
515,1590,527,Carroll County,county,GA,GA,"Atlanta-Sandy Springs-Alpharetta, GA",13,45,,,,,,,,,,,,,,,,,,,,,,,,,,,,,,,,,,,,,,,,,,,,,,,,,,,,,,,,,,,,,,,,,,,,,,,,,,,,,,,,,,,,,,,,,,,,,,,,,,,,,89973.0,89688.0,89083.0,87745.0,86113.0,84588.0,83337.0,82494.0,81952.0,81880.0,81576.0,81160.0,80561.0,80038.0,79551.0,78795.0,78063.0,77296.0,76534.0,75731.0,74947.0,74616.0,74403.0,74277.0,74116.0,73974.0,73883.0,73426.0,72874.0,72325.0,71750.0,71182.0,70472.0,70076.0,69581.0,68997.0,68309.0,67780.0,67409.0,66923.0,66488.0,66139.0,65775.0,65419.0,64968.0,64819.0,64627.0,64671.0,64657.0,64669.0,64586.0,64565.0,64611.0,64759.0,64902.0,65246.0,65838.0,66365.0,66757.0,66956.0,67399.0,67915.0,68300.0,68506.0,68818.0,69297.0,69844.0,70143.0,70487.0,70939.0,71500.0,71945.0,72172.0,72579.0,72957.0,73362.0,73721.0,74135.0,74767.0,74786.0,75134.0,75698.0,,79015.0,80374.0,81763.0,82433.0,83161.0,82731.0,82640.0,82681.0,83076.0,82911.0,82360.0,82303.0,82743.0,83813.0,84635.0,85976.0,87184.0,88965.0,89928.0,90451.0,90432.0,90625.0,90822.0,91283.0,91914.0,92365.0,92639.0,92931.0,93783.0,94366.0,95408.0,96049.0,97208.0,98525.0,99892.0,100535.0,100718.0,101274.0,102417.0,103214.0,103812.0,104385.0,105223.0,105883.0,107025.0,108544.0,110635.0,112217.0,113427.0,114322.0,114816.0,115042.0,114867.0,115540.0,116185.0,117110.0,117493.0,118063.0,118752.0,120075.0,123514.0,126760.0,129798.0,130589.0,131763.0,133347.0,135299.0,136590.0,137546.0,137960.0,141032.0,143211.0,145674.0,146654.0,148577.0,151344.0,155566.0,160559.0,165294.0,168638.0,172481.0,176749.0,180868.0,184040.0,187243.0,191420.0,195180.0,199132.0,200068.0,201266.0,200884.0
520,1889,532,Lowndes County,county,GA,GA,"Valdosta, GA",13,185,,,,,,62087.0,62355.0,62545.0,62775.0,62974.0,63218.0,63593.0,64062.0,64483.0,64796.0,64971.0,65221.0,65473.0,65950.0,66471.0,67133.0,67481.0,67580.0,67477.0,67520.0,67695.0,67900.0,67971.0,68171.0,68368.0,68732.0,69043.0,69453.0,69835.0,69997.0,70077.0,70211.0,70517.0,70732.0,70800.0,70886.0,70602.0,70573.0,,68874.0,68445.0,69029.0,69498.0,70936.0,72343.0,73766.0,73641.0,73464.0,72366.0,71745.0,71493.0,72501.0,73245.0,73647.0,74643.0,74735.0,74910.0,73646.0,73499.0,72554.0,72138.0,71589.0,71644.0,72153.0,72270.0,72975.0,72861.0,73214.0,73522.0,74446.0,74754.0,75204.0,75530.0,76594.0,77474.0,78739.0,79882.0,80586.0,80836.0,81032.0,81622.0,82239.0,82729.0,83126.0,83623.0,83645.0,83393.0,83041.0,83044.0,83134.0,83198.0,83517.0,83485.0,83851.0,84373.0,85469.0,86193.0,86643.0,87085.0,86796.0,86448.0,86048.0,86179.0,84226.0,82305.0,80301.0,80909.0,79399.0,77987.0,75903.0,75175.0,72993.0,70851.0,68819.0,68636.0,68544.0,68875.0,68857.0,68608.0,68564.0,68527.0,68571.0,68268.0,67999.0,67678.0,67285.0,66917.0,66286.0,65702.0,65128.0,64590.0,64101.0,63974.0,63861.0,63901.0,63512.0,63488.0,63293.0,63060.0,62817.0,62737.0,62843.0,62760.0,62637.0,62656.0,62718.0,63107.0,63878.0,64717.0,65369.0,65488.0,65863.0,66059.0,66298.0,66572.0,67102.0,67645.0,68096.0,68466.0,68650.0,68917.0,69060.0,69609.0,70104.0,70643.0,71213.0,71662.0,72062.0,72198.0,72494.0,72789.0,73319.0,73752.0,74278.0,74766.0,75486.0,76140.0,76659.0,76910.0,77039.0,77350.0,77697.0,78104.0,78341.0,78536.0,78839.0,78632.0,78477.0,78511.0,79124.0,78902.0,77928.0,76771.0,76745.0,77063.0,77220.0,77157.0,77075.0,77541.0,76764.0,75544.0,74118.0,74037.0,74592.0,74836.0,74747.0,74661.0,73914.0,73400.0,73949.0,74773.0,76068.0,76414.0,77743.0,78705.0,79696.0,80008.0,80291.0,80169.0,80441.0,80308.0,80212.0,80009.0,80033.0,80519.0,80785.0,80951.0,80393.0,80313.0,80153.0,81073.0,81276.0,82234.0,82339.0,82971.0,82646.0,82566.0,81941.0,81623.0,81601.0,82549.0,83698.0,85514.0,87177.0,88950.0,90097.0,91005.0,92213.0,93039.0,93752.0,94390.0,95396.0,96469.0,97663.0,98527.0,100920.0,102967.0,105701.0,107750.0,109992.0,111332.0,112833.0,114461.0,117435.0,119385.0,120872.0,121589.0,123001.0,125568.0
528,1697,541,Fayette County,county,GA,GA,"Atlanta-Sandy Springs-Alpharetta, GA",13,113,122416.0,122949.0,123467.0,124408.0,125147.0,125757.0,126172.0,126681.0,127069.0,127623.0,128057.0,128579.0,129043.0,129783.0,130808.0,131806.0,132597.0,133086.0,133742.0,134744.0,135859.0,136841.0,137293.0,137983.0,138701.0,139414.0,139745.0,140063.0,140676.0,141406.0,141874.0,142099.0,142228.0,142642.0,142999.0,143442.0,143760.0,144333.0,144879.0,145629.0,146247.0,146913.0,147402.0,147841.0,148141.0,148530.0,149135.0,149830.0,150068.0,150669.0,150723.0,151200.0,150927.0,151158.0,150992.0,151288.0,151642.0,152052.0,152256.0,152338.0,152769.0,152909.0,153403.0,153843.0,154396.0,154742.0,155361.0,156573.0,157712.0,158671.0,159007.0,159017.0,159089.0,159261.0,159793.0,160241.0,160981.0,161603.0,162186.0,162576.0,162661.0,162519.0,162520.0,162981.0,163625.0,164088.0,164436.0,164758.0,164864.0,164928.0,165023.0,165226.0,165464.0,165324.0,165430.0,165532.0,165738.0,165247.0,165105.0,164956.0,164862.0,164139.0,163845.0,163695.0,162732.0,160934.0,158993.0,157697.0,156429.0,155013.0,,147095.0,142895.0,141752.0,140568.0,139731.0,138882.0,138058.0,137091.0,136470.0,136414.0,136813.0,136752.0,136067.0,136442.0,136136.0,135893.0,134409.0,133376.0,132807.0,132271.0,131007.0,128721.0,126119.0,124064.0,123052.0,122000.0,120944.0,119670.0,118688.0,117847.0,118005.0,117428.0,117212.0,116396.0,118109.0,119462.0,120246.0,120430.0,121593.0,122936.0,123291.0,122359.0,121371.0,121995.0,121253.0,121834.0,120816.0,121580.0,120790.0,120263.0,119548.0,118862.0,118515.0,118924.0,119583.0,120063.0,120158.0,119719.0,120080.0,121631.0,124250.0,126149.0,127322.0,128710.0,129929.0,130660.0,130651.0,130543.0,131248.0,132524.0,133665.0,134090.0,134070.0,134009.0,134562.0,134897.0,135324.0,135489.0,136347.0,137415.0,138040.0,138500.0,139029.0,139569.0,140020.0,139957.0,140632.0,140824.0,141679.0,141780.0,141997.0,142583.0,143719.0,145021.0,146003.0,146591.0,148295.0,149536.0,151021.0,151521.0,152760.0,154512.0,156569.0,157971.0,158783.0,159168.0,159779.0,160629.0,161564.0,162532.0,162714.0,163398.0,164367.0,165771.0,167401.0,168793.0,170532.0,170913.0,171749.0,172237.0,173719.0,174304.0,175174.0,175765.0,176821.0,178118.0,179142.0,180034.0,181199.0,182735.0,183895.0,183752.0,183303.0,183954.0,184709.0,186046.0,186127.0,186652.0,187035.0,188378.0,189634.0,191621.0,193803.0,196892.0,199641.0,202004.0,204266.0,208767.0,214439.0,221126.0,226743.0,232354.0,239637.0,245446.0,249410.0,251066.0,254254.0,259593.0,264609.0,268351.0,271133.0,272238.0,273063.0
540,1263,556,Newton County,county,GA,GA,"Atlanta-Sandy Springs-Alpharetta, GA",13,217,,,,,,,,,,,,,,,,,,,,,,,,,,,,,,,,,,,,,,,,,,,,,,,,,,,,,,,,,,,,,,,,,,,,,,,,,,,,,,,,,,,,,,,,,,,,,,,,,,,,,,,,,,,,,,,,,,,,,,,,,,,,,,,,,,,,,,,,,,,,,,,,,,,,,,,,,,,,,,,,,,,,,,,,,,,,,,,,,,,,,,,,,,,,,,,,,,,,,,,,,,,,,,,,,,,,,,,,,,,,,,,,,,,,,,,,,,,,,,,,,,,,,,,,,,,,,,,,,,,171926.0,177724.0,182996.0,189150.0,196992.0,205787.0,214591.0,219802.0,223957.0,226479.0,231371.0,236141.0,240958.0,241406.0,239475.0,235963.0
555,855,571,Bartow County,county,GA,GA,"Atlanta-Sandy Springs-Alpharetta, GA",13,15,,,,,,,,,,,,,,,,,,,,,,,,,,,,,,,,,,,,,,,,,,,,,,,,,,,,,,,,,,,,,,,,108220.0,108608.0,109165.0,109771.0,110052.0,110308.0,110417.0,110629.0,110620.0,110509.0,110518.0,110476.0,110559.0,110661.0,111086.0,111616.0,112116.0,112545.0,112795.0,112601.0,112261.0,111785.0,111922.0,111791.0,111943.0,111984.0,112221.0,112392.0,112518.0,112825.0,113273.0,113692.0,114009.0,113671.0,113373.0,113888.0,115315.0,116685.0,,113593.0,111330.0,110973.0,110417.0,110028.0,109336.0,108793.0,108311.0,107803.0,106832.0,105900.0,105081.0,104584.0,103961.0,103321.0,102489.0,101641.0,100551.0,99787.0,99117.0,98659.0,97929.0,97126.0,96598.0,96365.0,96223.0,95720.0,95190.0,94616.0,94066.0,93414.0,92929.0,92462.0,91838.0,91019.0,90571.0,90251.0,89864.0,89210.0,88649.0,88316.0,87819.0,87725.0,87570.0,87592.0,87275.0,86957.0,86785.0,86675.0,86831.0,87011.0,87329.0,87612.0,88010.0,88317.0,88559.0,88750.0,89006.0,89248.0,89571.0,89868.0,90359.0,90826.0,91444.0,91981.0,92562.0,93085.0,93624.0,94089.0,94483.0,94863.0,95362.0,95828.0,96353.0,96867.0,97490.0,98083.0,98505.0,98577.0,98359.0,98005.0,98212.0,98434.0,98986.0,99255.0,99669.0,100000.0,99986.0,100018.0,99802.0,100120.0,100824.0,101754.0,102602.0,103236.0,103947.0,104703.0,105499.0,106553.0,107798.0,108924.0,109630.0,110272.0,110979.0,112540.0,114036.0,115544.0,116411.0,117199.0,118055.0,118974.0,120834.0,122660.0,124808.0,126302.0,127837.0,129306.0,130545.0,131286.0,132506.0,133676.0,135702.0,138084.0,139404.0,140519.0,140915.0,142515.0,143445.0,144242.0,145040.0,146433.0,147317.0,147674.0,148026.0,148267.0,149092.0,149793.0,150750.0,151623.0,152335.0,152990.0,153522.0,154203.0,155078.0,156053.0,157017.0,158283.0,159827.0,161266.0,162827.0,164603.0,167565.0,170732.0,172911.0,176627.0,180703.0,185528.0,188316.0,190549.0,193531.0,197628.0,202479.0,209938.0,215576.0,220876.0,224384.0,229232.0,234993.0,240042.0,243860.0,246812.0,249502.0
560,2872,576,Whitfield County,county,GA,GA,"Dalton, GA",13,313,96862.0,97147.0,97322.0,97750.0,98094.0,98555.0,99015.0,99316.0,99550.0,99795.0,100330.0,101035.0,101986.0,102613.0,103105.0,103339.0,103749.0,104108.0,104435.0,104812.0,105192.0,105535.0,105774.0,106043.0,106260.0,106579.0,106870.0,107139.0,107361.0,107577.0,107943.0,108110.0,108416.0,108610.0,108955.0,109097.0,109301.0,109538.0,110660.0,111359.0,111895.0,,111189.0,111155.0,111469.0,111837.0,111865.0,111830.0,111822.0,111531.0,111304.0,111221.0,111925.0,112407.0,112848.0,113046.0,113370.0,113491.0,113881.0,114219.0,114529.0,114922.0,115142.0,115506.0,115714.0,116146.0,116572.0,117002.0,117665.0,118297.0,118780.0,119092.0,119639.0,120086.0,120339.0,120718.0,121246.0,121869.0,122160.0,122369.0,122569.0,122954.0,123460.0,123999.0,124358.0,124840.0,125173.0,125474.0,125612.0,125834.0,126106.0,126344.0,126559.0,126678.0,126903.0,127019.0,127096.0,126936.0,126817.0,126802.0,126613.0,126628.0,126066.0,125567.0,124735.0,124219.0,123700.0,123235.0,122788.0,122462.0,122018.0,121350.0,120518.0,119523.0,118631.0,117605.0,116671.0,115747.0,114983.0,114220.0,113563.0,113060.0,112721.0,112442.0,112026.0,111525.0,111039.0,110535.0,109907.0,109199.0,108391.0,107703.0,106975.0,106396.0,105641.0,104762.0,103888.0,103250.0,102777.0,102304.0,101773.0,101247.0,100933.0,100611.0,100288.0,99973.0,99820.0,99800.0,99664.0,99596.0,99592.0,99683.0,99882.0,100070.0,100418.0,100808.0,101301.0,101797.0,102300.0,102829.0,103319.0,103819.0,104357.0,104860.0,105369.0,105860.0,106392.0,106993.0,107587.0,108210.0,108828.0,109476.0,110094.0,110726.0,111263.0,111820.0,112329.0,112817.0,113304.0,113813.0,114380.0,114923.0,115448.0,116046.0,116649.0,117247.0,117795.0,118263.0,118680.0,119070.0,119625.0,120249.0,120978.0,121644.0,122330.0,122928.0,123552.0,124103.0,124695.0,125174.0,125640.0,126054.0,,,,125483.0,126154.0,126772.0,127291.0,127879.0,128444.0,129468.0,130699.0,,135536.0,137756.0,138784.0,139663.0,140522.0,141369.0,142344.0,143318.0,144198.0,144747.0,145206.0,145545.0,146158.0,146894.0,147890.0,148808.0,149791.0,150692.0,151548.0,152311.0,153098.0,153908.0,154631.0,155118.0,154832.0,154467.0,154193.0,154816.0,155401.0,156003.0,156463.0,156918.0,157411.0,159660.0,161769.0,,,170045.0,,171213.0,171133.0,171134.0,170941.0,173508.0,176209.0,178247.0,181243.0,184755.0,188977.0,191887.0,194939.0,196963.0,199909.0,203064.0,206679.0,209953.0,213089.0,216885.0,220117.0,223037.0
589,512,608,Floyd County,county,GA,GA,"Rome, GA",13,115,,,,,,,,,,,,,,,,,,,,,,,,,,,,,,,,,,,,,,,,,,,,,,,,,,,,,,,,,,,,,,,,,,,,,,,,,,,,,,,,,,,,,,,,,,,,,,,,,,,,,,,,,,,,,,,,,,,,,,,,,,,,,,,,,,,,,110009.0,109708.0,108832.0,107833.0,106756.0,106025.0,105558.0,105160.0,104765.0,104185.0,103794.0,103451.0,103175.0,102802.0,102646.0,102545.0,102243.0,101925.0,101579.0,101632.0,101832.0,102370.0,102799.0,103306.0,102801.0,102325.0,101696.0,102186.0,102625.0,103088.0,103357.0,103788.0,104319.0,104827.0,105224.0,105704.0,106442.0,107227.0,107890.0,108438.0,108938.0,109524.0,109958.0,110441.0,111012.0,111510.0,111950.0,112279.0,112912.0,113607.0,114260.0,114791.0,115259.0,115654.0,115975.0,116379.0,116695.0,117023.0,117279.0,117718.0,118333.0,118953.0,119425.0,,,,,108488.0,108393.0,108360.0,108258.0,108052.0,108259.0,108968.0,109776.0,110459.0,111383.0,112487.0,112773.0,112993.0,113537.0,114993.0,116421.0,117254.0,117744.0,117977.0,118304.0,118904.0,119386.0,119813.0,119828.0,119597.0,119957.0,120705.0,121827.0,122868.0,123825.0,124725.0,125457.0,128194.0,130994.0,132642.0,132549.0,132614.0,133270.0,133892.0,134285.0,135166.0,136231.0,137267.0,138600.0,139900.0,140878.0,142471.0,143998.0,145523.0,145850.0,146544.0,147998.0,149176.0,149781.0,150778.0,151518.0,153328.0,154174.0,157372.0,159345.0,162747.0,164724.0,167643.0,171492.0,175663.0,179486.0,184142.0,186747.0,190087.0,193138.0,199276.0,204920.0,207397.0,209460.0,210434.0
614,1469,641,Walton County,county,GA,GA,"Atlanta-Sandy Springs-Alpharetta, GA",13,297,,,,,,,,,,,,,,,,,,,,,,,,,,,,,,,,,,,,,,,,,,,,,,,,,,,,,,,,,,,,,,,,,,,,,,,,,,,,,,,,,,,,,,,,,,,,,,,,,,,,,,,,,,,,,,,,,,,,,,,,,,,,,,,,,,,,,,,,,,,,,,,,,,,,,,,,,,,,,,,,,,,,,,,,,,64945.0,63318.0,63516.0,63289.0,62969.0,63377.0,64457.0,64168.0,64003.0,63460.0,64314.0,64722.0,64884.0,64895.0,66576.0,70707.0,73613.0,76273.0,77516.0,80709.0,83258.0,85197.0,86779.0,86904.0,87074.0,86846.0,86844.0,87088.0,86942.0,86652.0,86177.0,86254.0,87848.0,89230.0,90148.0,90057.0,89974.0,90669.0,91221.0,92230.0,92888.0,93507.0,93779.0,94869.0,96781.0,99246.0,100712.0,102093.0,103661.0,105230.0,104996.0,103993.0,103183.0,104463.0,106036.0,108006.0,109785.0,112003.0,113682.0,115240.0,116033.0,116663.0,117007.0,118149.0,120004.0,120556.0,119050.0,116670.0,116690.0,119524.0,123547.0,127079.0,128747.0,129400.0,129162.0,129549.0,129909.0,130774.0,132995.0,136154.0,139426.0,141711.0,143634.0,148840.0,151635.0,154207.0,153805.0,156466.0,158163.0,161308.0,164638.0,172220.0,178088.0,185385.0,190705.0,196890.0,202773.0,208676.0,214294.0,217567.0,219991.0,220056.0,217098.0,213029.0,213446.0
622,2514,650,Rockdale County,county,GA,GA,"Atlanta-Sandy Springs-Alpharetta, GA",13,247,82465.0,82481.0,82648.0,83065.0,83899.0,84616.0,85171.0,85605.0,85725.0,86019.0,86294.0,87042.0,87803.0,88371.0,88741.0,88647.0,89061.0,89349.0,89598.0,90014.0,90161.0,91012.0,91263.0,91830.0,93654.0,95539.0,97626.0,97929.0,98427.0,98979.0,99751.0,100135.0,100286.0,100895.0,101487.0,101834.0,101887.0,102023.0,102793.0,103228.0,103625.0,103679.0,103740.0,103835.0,103919.0,104097.0,103990.0,104049.0,103247.0,102553.0,101555.0,101613.0,101701.0,101923.0,101839.0,101900.0,101840.0,101894.0,101852.0,101841.0,102942.0,104420.0,105998.0,106090.0,105971.0,105833.0,105917.0,105775.0,105978.0,106831.0,107803.0,108493.0,108482.0,108038.0,107745.0,107497.0,107396.0,107475.0,108014.0,108240.0,108403.0,108141.0,108306.0,107898.0,107968.0,108115.0,108585.0,108394.0,108209.0,107615.0,106534.0,105006.0,104001.0,103288.0,103617.0,103978.0,103845.0,101712.0,,94235.0,92180.0,91004.0,89640.0,87626.0,86333.0,84192.0,82220.0,79789.0,78855.0,76903.0,75442.0,72065.0,69553.0,67188.0,65573.0,65705.0,65452.0,65277.0,64377.0,64325.0,64799.0,65313.0,65683.0,65087.0,64926.0,63976.0,63087.0,61213.0,61080.0,61079.0,60669.0,59407.0,57737.0,56882.0,54742.0,53791.0,52826.0,53448.0,53941.0,54636.0,54729.0,53951.0,52937.0,51263.0,50309.0,49296.0,48782.0,47815.0,47249.0,46300.0,46002.0,45174.0,45179.0,44999.0,46251.0,47090.0,48289.0,48624.0,49340.0,51141.0,52728.0,54576.0,55089.0,56020.0,56339.0,57090.0,57422.0,58577.0,59180.0,60245.0,60502.0,60896.0,60745.0,61104.0,61363.0,61965.0,62044.0,62485.0,61855.0,61464.0,59906.0,59610.0,60050.0,61155.0,61966.0,62204.0,62658.0,62886.0,63105.0,62621.0,62481.0,62033.0,61832.0,61767.0,61663.0,62014.0,61677.0,61611.0,61617.0,61857.0,63011.0,64328.0,65580.0,65983.0,65669.0,65617.0,65850.0,67436.0,69593.0,71725.0,73377.0,74142.0,74549.0,74893.0,75706.0,76938.0,78360.0,79351.0,80391.0,81664.0,84254.0,86931.0,89391.0,91325.0,93004.0,94948.0,96567.0,98268.0,99495.0,100971.0,103121.0,104854.0,105179.0,104827.0,104754.0,105901.0,106548.0,107302.0,108237.0,109632.0,111440.0,112466.0,113920.0,114763.0,115738.0,116381.0,117024.0,117873.0,118585.0,120060.0,121788.0,123942.0,125364.0,126685.0,128317.0,129693.0,131723.0,133699.0,137341.0,141915.0,146836.0,152335.0,156737.0,161711.0,167050.0,171793.0,175684.0,178782.0,181781.0,186478.0,189964.0,193326.0,194006.0,195120.0
623,2686,651,Dougherty County,county,GA,GA,"Albany, GA",13,95,,,,,,,,,,,,,,,,,,,,,,,,,,,,,,,,,,,,,,,,,,,,,,,,,,,,,,,,,,,,,,74083.0,74581.0,75005.0,75335.0,,,73175.0,73682.0,74070.0,74292.0,73731.0,73177.0,72432.0,73181.0,73589.0,75138.0,76267.0,78897.0,80326.0,81556.0,81877.0,82393.0,83020.0,83539.0,84234.0,84575.0,84413.0,84280.0,84415.0,84889.0,85463.0,85690.0,86299.0,86475.0,87118.0,87054.0,87100.0,86766.0,86795.0,86857.0,86989.0,86756.0,86400.0,85935.0,85749.0,85454.0,85288.0,85060.0,84923.0,84551.0,84086.0,83371.0,82705.0,81890.0,81223.0,80504.0,79844.0,79237.0,78666.0,78445.0,78307.0,78292.0,78280.0,78132.0,77946.0,77509.0,77138.0,76728.0,76286.0,75796.0,75315.0,74924.0,74614.0,74135.0,73575.0,72879.0,72472.0,72010.0,71661.0,71259.0,70888.0,70679.0,70389.0,70247.0,70182.0,70166.0,70255.0,70098.0,70045.0,69922.0,69986.0,70113.0,70248.0,70505.0,70753.0,71154.0,71506.0,71862.0,72302.0,72724.0,73217.0,73521.0,73804.0,74101.0,74446.0,74874.0,75265.0,75677.0,76037.0,76408.0,76950.0,77428.0,77868.0,78047.0,78264.0,78592.0,78828.0,79120.0,79274.0,79711.0,80004.0,80475.0,81067.0,81776.0,82300.0,82603.0,82741.0,82974.0,83311.0,83850.0,84370.0,84868.0,85368.0,85884.0,86387.0,86908.0,87385.0,87871.0,88253.0,88627.0,88964.0,89439.0,89885.0,90284.0,90605.0,90969.0,91357.0,91736.0,92189.0,92626.0,93161.0,93671.0,94167.0,94622.0,95124.0,95720.0,96300.0,96993.0,97409.0,97659.0,97693.0,98174.0,98764.0,99204.0,99436.0,99613.0,99980.0,100146.0,100408.0,100761.0,101313.0,101905.0,102355.0,102894.0,103409.0,103958.0,104342.0,103937.0,103389.0,102525.0,102577.0,102518.0,102886.0,102986.0,103458.0,103598.0,103559.0,103465.0,103694.0,104689.0,105612.0,107605.0,109248.0,111063.0,112106.0,113039.0,113849.0,114505.0,115413.0,116446.0,117195.0,117613.0,120047.0,122696.0,126503.0,127975.0,129617.0,130217.0,132297.0,134049.0,135859.0,136550.0,137409.0
644,525,676,Glynn County,county,GA,GA,"Brunswick, GA",13,127,,,,,,,,,,,,,,,,,,,,,,,,,,,,,,,,,,,,,,,,,,,,,,,,,,,,,,,,,,,,,,,,,,,,,,,,,,,,,,,,,,,,,,,,,,,,,,,,,268145.0,267428.0,266476.0,263887.0,260519.0,256175.0,252562.0,248223.0,244526.0,245211.0,247243.0,250013.0,249783.0,250187.0,250242.0,248296.0,245977.0,243722.0,242379.0,240211.0,238654.0,235892.0,233643.0,230737.0,229634.0,229254.0,229051.0,228008.0,226655.0,225547.0,224983.0,222828.0,220724.0,217734.0,215705.0,213336.0,212159.0,211677.0,210828.0,208747.0,206534.0,204858.0,203783.0,202475.0,201489.0,199596.0,197941.0,195805.0,195362.0,195232.0,195444.0,194889.0,194327.0,193765.0,193735.0,193711.0,194277.0,194163.0,194280.0,194042.0,194855.0,195814.0,196664.0,196935.0,197169.0,197644.0,198582.0,199256.0,200260.0,200673.0,201394.0,201970.0,202978.0,203898.0,204649.0,205572.0,206530.0,207689.0,208556.0,209461.0,210385.0,210890.0,211281.0,211528.0,212218.0,212749.0,212902.0,212876.0,212746.0,213424.0,213663.0,214212.0,214585.0,215199.0,215135.0,214678.0,214486.0,214856.0,215509.0,216529.0,218127.0,219561.0,220796.0,221634.0,222396.0,222683.0,223283.0,223974.0,225509.0,226881.0,228350.0,229415.0,230292.0,230950.0,232166.0,233876.0,236040.0,237771.0,239103.0,239979.0,240992.0,242372.0,243718.0,245311.0,246788.0,248455.0,251101.0,252148.0,253293.0,253042.0,254160.0,255167.0,255983.0,258338.0,259233.0,260021.0,258562.0,258807.0,259464.0,260579.0,260194.0,259613.0,259282.0,259139.0,258795.0,257803.0,257567.0,257489.0,257589.0,257687.0,257862.0,258994.0,262370.0,266223.0,269438.0,270776.0,272366.0,273763.0,275223.0,277388.0,280684.0,285023.0,289004.0,295702.0,302511.0,308865.0,312480.0,315679.0,319985.0,327340.0,337049.0,346586.0,356654.0,365652.0,373879.0,378328.0,380734.0,384616.0
663,852,705,Barrow County,county,GA,GA,"Atlanta-Sandy Springs-Alpharetta, GA",13,13,,,,,,,,,,,,,,,,,,,,,,,,,,,,,,,,,,,,,,,,,,,,,,,,,,,,,,,,,,,,,,,,,,,,,,,,,,,,,,,,,,,,,,,,,,,,,,,,,,,,,,,,,,,,,,,,,,,,,,,,,,,,,,,,,,,,,,,,,,,,,,,,,,,,,,,,,,,,,,,,,,,,,,,,,,,,,,,,,,,,,,,,,,,,,,,,,,,,,,,,,,,,,,,,,,,,,,,,,,,,,,,,,,,,,,158415.0,158059.0,158093.0,158852.0,160236.0,160486.0,159741.0,159035.0,159795.0,160685.0,161970.0,163200.0,165578.0,166940.0,168054.0,167227.0,165413.0,165007.0,167595.0,172617.0,176056.0,177863.0,178913.0,185117.0,191490.0,199307.0,202352.0,205801.0,211329.0,219220.0,226033.0,231653.0,235653.0,242642.0,249300.0,255740.0,259848.0,266194.0,272252.0,280261.0,284473.0,287267.0,286785.0,283605.0,278615.0
678,1566,724,Bulloch County,county,GA,GA,"Statesboro, GA",13,31,,,,,,,,,,,,,,,,,,,,,,,,,,,,,,,,,,,,,,,,,,,,,,,,,,,,,,,,,,,,,,,,,,,,,,,,,,,,,,,,,,,,,,,,,,,,,,,,,,,,,,,,,,,,,,,57652.0,57335.0,57289.0,56927.0,56793.0,56382.0,56106.0,55428.0,54690.0,54044.0,53605.0,53436.0,53172.0,53053.0,52959.0,52853.0,52662.0,52305.0,51953.0,51795.0,51525.0,51346.0,50828.0,50517.0,50007.0,49621.0,49301.0,49087.0,48829.0,48438.0,48067.0,47914.0,47827.0,47784.0,47498.0,47295.0,47076.0,47059.0,47060.0,47064.0,47046.0,47012.0,47083.0,47335.0,47570.0,47887.0,48009.0,48234.0,48353.0,48647.0,48963.0,49312.0,49559.0,49644.0,49771.0,50050.0,50380.0,50754.0,50868.0,51080.0,51200.0,51535.0,51880.0,52219.0,52415.0,52471.0,52594.0,52935.0,53309.0,53730.0,53893.0,54105.0,54246.0,54487.0,54835.0,55104.0,55360.0,55448.0,55630.0,55832.0,56058.0,56315.0,56555.0,56870.0,57159.0,57498.0,57791.0,57946.0,58056.0,58113.0,58235.0,58447.0,58676.0,58875.0,58987.0,59184.0,59405.0,59643.0,59691.0,59747.0,59669.0,59807.0,60001.0,60363.0,60652.0,60971.0,61313.0,61659.0,61959.0,62105.0,62275.0,62419.0,62692.0,62905.0,63138.0,63280.0,63443.0,63711.0,64064.0,64558.0,65008.0,65437.0,65715.0,66035.0,66260.0,66557.0,66688.0,66964.0,66811.0,66748.0,66615.0,66983.0,67284.0,67513.0,66883.0,66101.0,65135.0,65036.0,65011.0,65370.0,65772.0,66366.0,66909.0,67176.0,67328.0,67658.0,68196.0,69066.0,69929.0,71059.0,72143.0,73181.0,74044.0,75125.0,77486.0,80496.0,82570.0,84315.0,85701.0,88267.0,89679.0,90434.0,90416.0,90748.0
724,1605,795,Catoosa County,county,GA,GA,"Chattanooga, TN-GA",13,47,,,,,,,,,,,,,,,,,,,,,,,,,,,,,,,,,,,,,,,,,,,,,,,,,,,,,,,,,,,,,,,,,,,,,,,,,,,,,,,,,,,,,,,,,,,,,,,,,,,,,,,,,,,,,,,,,,,,,,,,,,,,,,,,,,,,,,,,,,,,,,,,,,,,,,,,,,,,,,,,,,,,,,,,,,,,,,,,,,,,,,,,,,,,,,,,,,,,,,,,,,,,,,,,,,,,,,,,,,,,,,,,,,,,,,,,,,,,,,,,,,,,,,,,,,,,,,,,,,,,,,,,,,,,,,,,,228596.0,226931.0
737,2554,815,Spalding County,county,GA,GA,"Atlanta-Sandy Springs-Alpharetta, GA",13,255,,,,,,,,,,,,,,,,,,,,,,,,,,,,,,,,,,,,,,,,,,,,,,,,,,,,,,,,,,,,,,,,,,,,,,,,,,,,,,,,,,,,,,,,,,,,,,,,,,,,,,,,,,,,,,,,,,,,,,,,,,,,,,,,,,,,,,,,,,,,,,,,,,,,,,,,,,,,,,,,,,,,,,,,,,,,,,,,,,,,,,,,70407.0,70271.0,69763.0,69400.0,69073.0,69308.0,68876.0,68565.0,68055.0,67790.0,66628.0,65556.0,65692.0,67563.0,69582.0,70529.0,70749.0,70822.0,70685.0,70440.0,70338.0,71292.0,71865.0,72807.0,74040.0,75706.0,76353.0,76989.0,77904.0,79597.0,80501.0,81516.0,82668.0,83319.0,83886.0,84128.0,86559.0,88447.0,90603.0,91366.0,93931.0,96795.0,99500.0,100594.0,100713.0,100014.0,99459.0,100297.0,101808.0,103591.0,105476.0,108865.0,111445.0,113306.0,112545.0,113460.0,114558.0,114752.0,112683.0,111070.0,110768.0,111699.0,111215.0,111826.0,113195.0,116206.0,119032.0,120557.0,121414.0,122341.0,124583.0,125658.0,126072.0,125429.0,126920.0,128322.0,130498.0,132686.0,134341.0,137170.0,139138.0,143301.0,146910.0,150552.0,154385.0,158819.0,162867.0,165567.0,166633.0,167438.0,169486.0
759,1859,852,Liberty County,county,GA,GA,"Hinesville, GA",13,179,56546.0,56484.0,56560.0,56763.0,57149.0,57524.0,57916.0,58204.0,58482.0,58508.0,58619.0,58596.0,58899.0,59147.0,59560.0,59808.0,60126.0,60222.0,60439.0,60447.0,60708.0,60828.0,61017.0,61096.0,61288.0,61480.0,61637.0,61553.0,61638.0,61801.0,62172.0,62351.0,62518.0,62639.0,62839.0,63084.0,63288.0,63557.0,63787.0,63947.0,64175.0,64398.0,64627.0,64679.0,64701.0,64749.0,64924.0,65187.0,65506.0,65738.0,65901.0,66042.0,66308.0,66548.0,66849.0,67105.0,67430.0,67826.0,68175.0,68585.0,68922.0,69423.0,69854.0,70303.0,70579.0,70902.0,71219.0,71511.0,71739.0,71941.0,72131.0,72409.0,72676.0,72910.0,73102.0,73083.0,73085.0,73116.0,73394.0,73904.0,74344.0,74842.0,75158.0,75547.0,75789.0,76037.0,76187.0,76520.0,76606.0,76373.0,,74918.0,74429.0,,76082.0,77117.0,77029.0,76748.0,76648.0,76856.0,77473.0,77819.0,77706.0,74975.0,73126.0,71077.0,71869.0,71402.0,72193.0,72134.0,73435.0,73653.0,73548.0,72032.0,71037.0,70421.0,69563.0,68249.0,67491.0,66613.0,65514.0,64172.0,63584.0,63536.0,63369.0,63258.0,63171.0,63000.0,62734.0,62290.0,60150.0,58053.0,56744.0,57428.0,57788.0,57441.0,56863.0,56751.0,56368.0,56401.0,56223.0,56335.0,56298.0,55870.0,55368.0,54761.0,54720.0,54704.0,54677.0,54629.0,54654.0,54727.0,54650.0,54695.0,54863.0,55233.0,55243.0,55152.0,54977.0,55198.0,55447.0,55855.0,56351.0,56703.0,56999.0,57068.0,57227.0,57438.0,57765.0,58226.0,58574.0,58896.0,59212.0,59601.0,59968.0,60271.0,60550.0,60809.0,60950.0,61204.0,61437.0,61827.0,62066.0,62393.0,62775.0,63218.0,63623.0,63939.0,64241.0,64523.0,64666.0,64964.0,65300.0,65834.0,66091.0,66379.0,66646.0,67061.0,67574.0,67906.0,68188.0,68318.0,68427.0,68642.0,68968.0,69481.0,69837.0,70202.0,70526.0,70947.0,71299.0,71746.0,72284.0,72885.0,73279.0,73630.0,73926.0,74492.0,74990.0,75500.0,75823.0,76035.0,76199.0,76355.0,76478.0,76617.0,76783.0,77205.0,77504.0,77852.0,78012.0,77959.0,77696.0,77415.0,77289.0,77279.0,77533.0,77724.0,77580.0,77103.0,76561.0,76506.0,76446.0,76542.0,76499.0,76576.0,76627.0,76289.0,75930.0,75884.0,76410.0,77000.0,78214.0,79295.0,80254.0,79200.0,78479.0,78179.0,80129.0,82115.0,84559.0,85636.0,86867.0,88376.0,90221.0,92019.0,93063.0,94535.0,95701.0,97217.0,98497.0,100394.0,103238.0,107354.0
783,1044,895,Gordon County,county,GA,GA,"Calhoun, GA",13,129,,,,,,,,,,,,,,,,,,,,,,,,,,,,,,,,,,,,,,,,,,,,,,,,,,,,,,,,,,,,,,,,,,,,,,,,,,,,,,,,,,,,,,,,,,,,,,,,,,,,,,,,,,,,,,,,,,,,,,,,,,88128.0,86905.0,86746.0,86413.0,85983.0,85597.0,85020.0,84480.0,83870.0,83152.0,82549.0,81953.0,81736.0,81310.0,80768.0,80138.0,79625.0,79182.0,78603.0,78081.0,77555.0,77125.0,76776.0,76650.0,76738.0,76748.0,76684.0,76609.0,76564.0,76540.0,76374.0,76413.0,76523.0,76777.0,77089.0,77448.0,77938.0,78291.0,78692.0,79120.0,79538.0,79919.0,80138.0,80441.0,80785.0,81169.0,81653.0,82161.0,82765.0,83266.0,83735.0,84137.0,84619.0,84996.0,85286.0,85518.0,85727.0,86082.0,86448.0,86943.0,87395.0,87903.0,88380.0,88827.0,89101.0,89256.0,89449.0,89757.0,89950.0,90206.0,90330.0,90799.0,91241.0,91732.0,92126.0,92497.0,92911.0,93238.0,93389.0,93625.0,93864.0,94252.0,94624.0,95141.0,95629.0,96111.0,96512.0,96796.0,97172.0,97419.0,97789.0,98238.0,98856.0,99615.0,100159.0,101001.0,101709.0,102565.0,103139.0,103866.0,104391.0,104845.0,105180.0,105743.0,106363.0,107139.0,107891.0,108699.0,109378.0,110136.0,110940.0,111767.0,112627.0,113436.0,114322.0,114981.0,115545.0,115456.0,115409.0,115309.0,115880.0,116584.0,117312.0,117919.0,118377.0,118825.0,119106.0,119175.0,119264.0,119889.0,120917.0,123327.0,125768.0,128382.0,130063.0,131327.0,132745.0,134168.0,135764.0,137007.0,137946.0,138760.0,142165.0,145174.0,149439.0,150576.0,152148.0,152613.0,154932.0,157479.0,159827.0,160918.0,161986.0
813,908,945,Camden County,county,GA,GA,"St. Marys, GA",13,39,,,,,,,,,,,,,,,,,,,,,,,,,,,,,,,,,,,,,,,,,,,,,,,,,,,,,,,,,,,,,,,,,,,,150027.0,150501.0,151259.0,151858.0,152958.0,154569.0,156435.0,158074.0,159148.0,159752.0,162370.0,164139.0,167467.0,168697.0,170832.0,171736.0,172232.0,172315.0,171909.0,172174.0,173053.0,174096.0,175220.0,175648.0,176586.0,177026.0,177585.0,177382.0,177050.0,177173.0,176347.0,175327.0,173470.0,172448.0,171710.0,170944.0,170422.0,169649.0,169115.0,168192.0,167496.0,167002.0,166872.0,166653.0,165447.0,164036.0,162326.0,161183.0,159766.0,158222.0,156760.0,155332.0,154200.0,152999.0,152169.0,151659.0,151128.0,150527.0,149696.0,149103.0,148339.0,147336.0,146329.0,145481.0,144951.0,144246.0,143505.0,142521.0,141123.0,139791.0,138395.0,137661.0,136522.0,135539.0,134450.0,134135.0,133978.0,133679.0,133192.0,132993.0,132947.0,132595.0,132070.0,131888.0,131985.0,132191.0,132464.0,132953.0,133649.0,134351.0,135187.0,135929.0,136548.0,136963.0,137310.0,137837.0,138233.0,138748.0,139148.0,139711.0,140394.0,141263.0,142333.0,143454.0,144433.0,145306.0,145901.0,146394.0,146596.0,146988.0,147357.0,147896.0,148547.0,149321.0,150347.0,151224.0,152200.0,152901.0,153580.0,153980.0,154273.0,154730.0,155322.0,156081.0,156812.0,157431.0,158150.0,158621.0,159170.0,159770.0,160388.0,161185.0,161557.0,162002.0,162324.0,162761.0,163142.0,163749.0,164659.0,165572.0,166423.0,166990.0,167694.0,168240.0,169058.0,170027.0,171173.0,172134.0,173081.0,,171767.0,171142.0,171596.0,172035.0,171970.0,171907.0,171982.0,171712.0,171295.0,171110.0,171491.0,172122.0,173153.0,173919.0,174199.0,174200.0,174364.0,175168.0,175730.0,176264.0,176729.0,176897.0,177000.0,177330.0,178262.0,,183292.0,184430.0,183340.0,184455.0,186377.0,187403.0,188956.0,192075.0,195462.0,199287.0,200231.0,200736.0,201463.0,203205.0,206366.0,207849.0,209634.0,211686.0,214561.0,217559.0,220586.0,224678.0,229071.0,233239.0,236852.0,240206.0,243741.0,247688.0,251348.0,254739.0,257531.0
871,1526,1070,Baldwin County,county,GA,GA,"Milledgeville, GA",13,9,,,,,,,,,,,,,,,,,,,,,,,,,,,,,,,,,,,,,,,,,,,,,,,,,,,,,,,,,,,,,,,,,,,,,,,,,,,,,,,,,,,,,,,,,,,,,,,,,,,,,,,,,,,,,,,,,,,,,,,,,,,,,,,,,,,,,,,,,,,,,,,,,,,,,,,,,,,,,,,,,,,,,,,,,,,,,,,,,,,,,,,,,,,,,,,,,,,,,,,,,,,,,,123945.0,123543.0,124166.0,124997.0,125183.0,126802.0,127509.0,128820.0,127974.0,128419.0,129050.0,129995.0,130959.0,131842.0,133020.0,134136.0,134454.0,136278.0,136615.0,137040.0,135255.0,135232.0,136026.0,137469.0,138504.0,139787.0,141462.0,143085.0,144001.0,145846.0,146425.0,146680.0,144917.0,143525.0,142585.0,142086.0,142832.0,143746.0,145011.0,146014.0,146571.0,148110.0,148295.0,148242.0,146767.0,147559.0,148974.0,152263.0,154768.0,157772.0,159652.0,162236.0,164123.0,166810.0,167858.0,168976.0,168657.0,168992.0,173035.0,177390.0,183273.0,185219.0,187446.0,188680.0,192089.0,195570.0,197626.0,197662.0,197253.0
874,1430,1079,Thomas County,county,GA,GA,"Thomasville, GA",13,275,,,,,,,,,,,,,,,,,,,,,,,,,,,,,,,,,,,,,,,,,,,,,,,,,,,,,,,,,,,,,,,,,,,,,,,,,,,,,,,,,,,,,,,,,,,,,,,,,,,,,,,,,,,,,,,,,,,,,,,,,,,,,,,,,,,,,,,,,,,,,,,,,,,,,,,,,,,,,,,,,,,,,,,,,,,,,,,,,,,,,,,,,,,,,,,,,,,,,,,,,,,,,,,,,,,,,,,,,,,,,,,,,,,,,,,,,,,,,,,,,,,,,,,,,,,213140.0,215635.0,210340.0,203926.0,193522.0,185871.0,184629.0,185056.0,191642.0,197031.0,203839.0,205018.0,207058.0,210538.0,215363.0,215633.0,213213.0,213601.0,210812.0,206579.0,197098.0,192299.0,192978.0,194980.0
875,2713,1081,Habersham County,county,GA,GA,"Cornelia, GA",13,137,,,,,,,,,,,,,,,,,,,,,,,,,,,,,,,,,,,,,,,,,,,,,,,,,,,,,,,,,,,,,,,,,,,,,,,,,,,,,,,,,,,,,,,,,,,,,,,,,,,,,,,,,,,,,,,,,,,,,,,,,,,,,,,,,,,,,,,,,,,,,,,,,,,,,,,,,,,,,,,,,,,,,,,,,,,,,,,,,,,,,,,,,,,,,,,,,,,,,,,,,,,,,,,,,,,,,,,,,,,,,,,,,,,,,,,,,,,,,,,,,,,,,,,,,,,,,,,,185538.0,188367.0,191257.0,193844.0,196314.0,198365.0,199664.0,200552.0,205526.0,209919.0,216121.0,218553.0,221779.0,222826.0,225887.0,228982.0,232736.0,234315.0,236201.0
936,1275,1222,Oconee County,county,GA,GA,"Athens-Clarke County, GA",13,219,,,,,,,,,,,,,,,,,,,,,,,,,,,,,,,,,,,,,,,,,,,,,,,,,,,,,,,,,,,,,,,,,,,,,,,,,,,,,,,,,,,,,,,,,,,,,,,,,,,,,,,,,,,,,216017.0,215897.0,215278.0,214036.0,212491.0,210623.0,208779.0,206581.0,204648.0,198560.0,193146.0,187890.0,189590.0,190954.0,192859.0,192576.0,192291.0,191690.0,191139.0,190610.0,189752.0,188853.0,187171.0,185441.0,183010.0,181156.0,179489.0,178130.0,176780.0,175778.0,175069.0,174671.0,174346.0,173816.0,173652.0,173431.0,172971.0,172450.0,171942.0,171809.0,171795.0,172839.0,174178.0,175275.0,174057.0,172814.0,172067.0,172709.0,173791.0,174750.0,176029.0,176762.0,177809.0,178839.0,180180.0,181462.0,182820.0,183145.0,183163.0,182999.0,183646.0,184661.0,185736.0,187100.0,188247.0,189477.0,190433.0,191506.0,192383.0,193477.0,194101.0,194830.0,193971.0,193542.0,192850.0,193788.0,194533.0,195363.0,196335.0,196903.0,197474.0,198569.0,199425.0,202461.0,202992.0,204829.0,205121.0,207120.0,209061.0,209997.0,208383.0,205541.0,203265.0,203062.0,203250.0,203572.0,208076.0,212327.0,216381.0,216817.0,217922.0,219258.0,220755.0,221151.0,222474.0,224460.0,228161.0,230721.0,230039.0,229086.0,228237.0,230087.0,231012.0,232313.0,233222.0,235044.0,236998.0,238876.0,240573.0,241298.0,242523.0,243054.0,245032.0,246584.0,248401.0,248912.0,250077.0,251294.0,252874.0,253705.0,251164.0,250920.0,253401.0,259766.0,261097.0,262043.0,261706.0,263508.0,263203.0,263702.0,264095.0,264670.0,265029.0,264918.0,264860.0,264815.0,266260.0,267029.0,269054.0,273839.0,279624.0,285287.0,289332.0,299750.0,311784.0,324839.0,333881.0,343107.0,350001.0,354504.0,358025.0,359158.0,360994.0,362827.0,366485.0,368854.0
944,412,1246,Bryan County,county,GA,GA,"Savannah, GA",13,29,,,,,,,,,,,,,,,,,,,,,,,,,,,,,,,,,,,,,,,,,,,,,,,,,,,,,,,,,,,,,,,,,,,,,,,,,,,,,,,,,,,,,,,,,,,,,,,,,,315300.0,315629.0,314856.0,313068.0,312851.0,312043.0,311240.0,309373.0,309131.0,309379.0,309981.0,309062.0,308569.0,307585.0,305403.0,302717.0,299566.0,297629.0,295102.0,292617.0,289438.0,287136.0,285518.0,282839.0,280056.0,277705.0,277323.0,275770.0,274364.0,272327.0,271310.0,269222.0,267614.0,265587.0,264582.0,263630.0,260624.0,255953.0,251178.0,248481.0,248797.0,247422.0,246332.0,243523.0,242746.0,237828.0,234290.0,227765.0,226440.0,223052.0,222632.0,221268.0,220693.0,220572.0,220978.0,222658.0,222895.0,225094.0,225272.0,229045.0,231656.0,234745.0,236423.0,238179.0,240231.0,241280.0,241234.0,238250.0,236740.0,235090.0,237398.0,240429.0,243871.0,246262.0,246761.0,248796.0,253119.0,256201.0,257447.0,256603.0,254306.0,251217.0,247944.0,247401.0,247127.0,248501.0,250079.0,252541.0,253458.0,255064.0,255890.0,257812.0,258569.0,260179.0,260927.0,260582.0,260294.0,262063.0,265691.0,269770.0,270978.0,272491.0,273415.0,275818.0,278218.0,280874.0,280740.0,279654.0,275216.0,275948.0,277470.0,282088.0,281086.0,282663.0,283918.0,288890.0,290977.0,293715.0,293220.0,291256.0,289783.0,290743.0,292986.0,292089.0,290934.0,289514.0,292559.0,295392.0,296797.0,298199.0,299965.0,304194.0,307060.0,309885.0,312322.0,314444.0,316070.0,317685.0,318230.0,319545.0,320958.0,323242.0,324900.0,324968.0,323012.0,318855.0,315003.0,313216.0,312907.0,312326.0,310353.0,309547.0,311001.0,312880.0,310012.0,306028.0,303290.0,305779.0,307919.0,310788.0,316128.0,321950.0,327422.0,332454.0,340202.0,348870.0,355110.0,362616.0,370650.0,379363.0,384853.0,390498.0,397268.0,405034.0,411585.0,417797.0,418542.0
1007,81,1440,Lee County,county,GA,GA,"Albany, GA",13,177,,,,,,,,,,,,,,,,,,,,,,,,,,,,,,,,,,,,,,,,,,,,,,,,,,,,,,,,,,,,,,,,,,,,,,,,,,,,,,,,,,,,,,,,,,,,,,,,,,,,,,,,,,,,,,,,,,,,,,,,,,,,,,,,,,,,,,,,,,,,,,,,,,,,,,,,,,,,,,,,,,,,,,,,,,,,,,,,,,,,,,,,,,,,,,,,,,,,,,,,,,,,,,,,,,,,,,,,,,,,,,,,,,,,,,,,,,,,,,,,,,,,,,,,,,,,,,,,,,,,,,,,,,,,,,,,,,182090.0
1069,1339,1738,Putnam County,county,GA,GA,,13,237,,,,,,,,,,,,,,,,,,,,,,,,,,,,,,,,,,,,,,,,,,,,,,,,,,,,,,,,,,,,,,,,,,,,,,,,,,,,,,,,,,,,,,,,,,,,,,,,,,441995.0,443901.0,445254.0,444711.0,440499.0,435045.0,428963.0,427997.0,417094.0,405995.0,392363.0,393519.0,394077.0,396025.0,392524.0,390187.0,382569.0,376524.0,371419.0,363851.0,353787.0,341839.0,337079.0,333230.0,328788.0,326835.0,326688.0,327732.0,323813.0,320589.0,318276.0,316343.0,314798.0,308612.0,304499.0,298560.0,297623.0,295700.0,293565.0,290374.0,287283.0,284927.0,281832.0,280046.0,279811.0,280260.0,280081.0,277415.0,275395.0,273812.0,281699.0,290166.0,296659.0,296230.0,293790.0,294212.0,294803.0,300479.0,304944.0,311182.0,313638.0,317891.0,319783.0,322223.0,323874.0,322667.0,321983.0,321514.0,320688.0,319072.0,317802.0,319277.0,319242.0,319828.0,319953.0,320045.0,320284.0,319382.0,320781.0,321375.0,323715.0,324709.0,324747.0,324241.0,324292.0,325517.0,327779.0,329997.0,331828.0,333514.0,334378.0,333631.0,331406.0,329344.0,329453.0,326769.0,325504.0,322520.0,324548.0,325322.0,327670.0,327589.0,328456.0,328673.0,330905.0,332620.0,334010.0,339878.0,346729.0,353373.0,354286.0,353683.0,353688.0,354042.0,353974.0,353159.0,353072.0,349600.0,348158.0,345939.0,348886.0,349739.0,348239.0,346923.0,346476.0,348188.0,348340.0,349084.0,351221.0,353846.0,357394.0,359429.0,361038.0,361598.0,362032.0,362211.0,364000.0,363333.0,364068.0,361908.0,363968.0,363512.0,362672.0,359705.0,360306.0,362672.0,364823.0,365368.0,364633.0,364752.0,363339.0,362663.0,363135.0,367637.0,372090.0,379029.0,388862.0,399659.0,408563.0,414078.0,417465.0,421780.0,425562.0,432748.0,438211.0,443070.0,453382.0,462850.0,475827.0,483006.0,491271.0,496061.0,504101.0,512919.0,517806.0,519628.0,521123.0
1109,1053,1954,Greene County,county,GA,GA,,13,133,,,,,,,,,,,,,,,,,,,,,,,,,,,,,,,,,,,,,,,,,,,,,,,,,,,,,,,,,,,,,,,,,,,,,,,,,,,,,,,,,,,,,,,,,,,,,,,,,,,,,,,,,,,,,,321561.0,321607.0,320994.0,319769.0,318632.0,316515.0,315378.0,312999.0,312042.0,310896.0,309527.0,298483.0,287417.0,276893.0,275966.0,274719.0,273652.0,272385.0,270978.0,269519.0,268085.0,267975.0,267318.0,266875.0,264391.0,262186.0,259751.0,257031.0,255191.0,253620.0,253521.0,252760.0,251717.0,250520.0,249212.0,247704.0,246302.0,244499.0,243367.0,242271.0,242390.0,242724.0,243324.0,241091.0,238697.0,236432.0,237336.0,238699.0,239864.0,240686.0,241677.0,242345.0,242899.0,243244.0,243861.0,245907.0,247086.0,248819.0,249166.0,250136.0,250626.0,251748.0,252881.0,254164.0,255446.0,256734.0,257942.0,259530.0,261228.0,262811.0,263167.0,263099.0,262980.0,264209.0,265797.0,267821.0,268850.0,270185.0,270993.0,272400.0,273200.0,273346.0,272901.0,273105.0,274106.0,275323.0,275933.0,276021.0,275733.0,276132.0,275897.0,275924.0,275343.0,275042.0,272197.0,270360.0,269548.0,271063.0,270488.0,270229.0,270968.0,272558.0,274072.0,275525.0,278179.0,279900.0,279009.0,277329.0,276093.0,276986.0,277703.0,279414.0,280540.0,282392.0,281975.0,282280.0,282824.0,284038.0,285110.0,285658.0,287513.0,288724.0,289736.0,290548.0,292228.0,293805.0,294623.0,295380.0,296513.0,296947.0,297707.0,296719.0,298514.0,299515.0,302756.0,304531.0,305789.0,306386.0,306897.0,309114.0,311575.0,315571.0,319252.0,325776.0,331266.0,336665.0,339804.0,343213.0,348622.0,353696.0,359844.0,362633.0,364985.0,366035.0,376159.0,386068.0,398209.0,403703.0,410287.0,415157.0,420513.0,428092.0,436204.0,441919.0,451437.0
1119,692,1998,Rabun County,county,GA,GA,,13,241,,,,,,112657.0,113393.0,114042.0,115103.0,116353.0,117600.0,118608.0,119737.0,120685.0,121895.0,122221.0,122269.0,121505.0,121268.0,123651.0,125862.0,128574.0,128860.0,129829.0,130726.0,131898.0,132999.0,133582.0,134140.0,134485.0,134743.0,134863.0,135212.0,135645.0,136230.0,136384.0,136571.0,136971.0,137765.0,138745.0,139344.0,139919.0,140223.0,140716.0,141509.0,142133.0,142728.0,142949.0,143844.0,144818.0,145239.0,145619.0,145771.0,146391.0,146738.0,147261.0,147995.0,149141.0,150121.0,,154471.0,155854.0,155499.0,156304.0,157226.0,157984.0,158836.0,159786.0,160868.0,161916.0,162566.0,162562.0,162791.0,163334.0,164405.0,165457.0,166186.0,166826.0,167066.0,167493.0,167899.0,168337.0,168656.0,168690.0,168980.0,169449.0,170155.0,170601.0,170854.0,170924.0,170744.0,170889.0,170757.0,171091.0,171194.0,171412.0,171510.0,172106.0,172893.0,173443.0,172659.0,171700.0,170556.0,169802.0,169178.0,168091.0,166648.0,165348.0,164573.0,164814.0,164451.0,163585.0,162452.0,161493.0,160261.0,158935.0,157953.0,157203.0,155171.0,152775.0,151078.0,150384.0,149898.0,149385.0,149018.0,148570.0,148179.0,147385.0,145076.0,142773.0,140567.0,139550.0,138493.0,137547.0,136662.0,135394.0,134300.0,133550.0,133087.0,132408.0,131571.0,130775.0,130466.0,129991.0,129660.0,129070.0,129023.0,128749.0,128696.0,128518.0,128609.0,128670.0,128544.0,128453.0,128582.0,128965.0,129461.0,129832.0,130278.0,130735.0,131399.0,132039.0,132795.0,133215.0,133779.0,134284.0,135219.0,136046.0,136701.0,137159.0,137745.0,138433.0,139192.0,139886.0,140717.0,141319.0,141933.0,142415.0,143255.0,143951.0,144322.0,144277.0,144450.0,145059.0,145860.0,146465.0,147031.0,147123.0,147217.0,147307.0,147856.0,148522.0,149037.0,149353.0,149810.0,150397.0,151266.0,151720.0,152206.0,152415.0,152581.0,152655.0,152892.0,152424.0,152132.0,151720.0,152384.0,152914.0,153544.0,154049.0,154386.0,154637.0,154442.0,154591.0,155098.0,155981.0,156938.0,157659.0,158642.0,159573.0,160792.0,161989.0,162871.0,163522.0,164307.0,165154.0,166100.0,167071.0,167965.0,168752.0,169466.0,170474.0,171430.0,172245.0,172996.0,173896.0,174816.0,175422.0,175021.0,174267.0,173800.0,174544.0,175292.0,175689.0,175875.0,176263.0,177010.0,177727.0,178874.0,180013.0,182194.0,184095.0,188012.0,191558.0,195678.0,198624.0,201440.0,204179.0,206733.0,210024.0,213496.0,216076.0,217244.0,222099.0,227362.0,235037.0,238375.0,241694.0,242643.0,246116.0,249374.0,252388.0,253178.0,254522.0
1136,2424,2151,McIntosh County,county,GA,GA,"Brunswick, GA",13,191,,,,,,,,,,,,,,,,,,,,,,,,,,,,,,,,,,,,,,,,,,,,,,,,,,,,,,,,,,,,,,,,,,,,,,,,,,,,,,,,,,,,,,,,,,,,,,,,,,,,,,,,,,,,,,,,,,,,,,,,,,,,,,,,,,,,,,,,,,,,,,,,,,,,,,,,,,,,,,,,,,,,,,,,,,,,,,,,,,,,,,,,,,,,,,,,,,,,,,,,,,,,,,,,,,,,,,,,,,,,,,,,,,,,,,,,,,,,,,,,,,,,,,,,,,,,,,,,,,,,,,,,,,,,,,,,,,240492.0
1151,752,2316,Towns County,county,GA,GA,,13,281,,,,,,,,,,,,,,,,,,,,,,,,,,,,,,,,,,,,,,,,,,,,,,,,,,,,,,,,,,,,,,,,,,,,,,,,,,,,,,,,,,,,,,,,,,,,,,,,,,214564.0,213369.0,210767.0,211020.0,210797.0,210854.0,208484.0,206769.0,205575.0,204914.0,204106.0,204252.0,204135.0,204114.0,202442.0,200123.0,197942.0,196358.0,194938.0,192774.0,190860.0,189229.0,188035.0,182226.0,176756.0,172269.0,172065.0,171346.0,174280.0,177976.0,181625.0,180663.0,179273.0,178293.0,177463.0,179150.0,180717.0,181914.0,180099.0,177834.0,176432.0,175557.0,174927.0,172725.0,171018.0,169232.0,169907.0,173367.0,177321.0,180046.0,180685.0,180467.0,176472.0,171521.0,167203.0,167670.0,168088.0,169537.0,171140.0,171487.0,170696.0,168972.0,169323.0,169862.0,171191.0,171336.0,172048.0,171791.0,172087.0,172672.0,173124.0,173862.0,174180.0,175252.0,176301.0,177180.0,177850.0,178598.0,179349.0,180562.0,181323.0,182375.0,182569.0,182668.0,182592.0,183845.0,185527.0,187452.0,188505.0,189391.0,189321.0,189450.0,189283.0,189900.0,188716.0,187938.0,187097.0,187770.0,188529.0,189340.0,190022.0,190711.0,191246.0,192295.0,193230.0,193656.0,194451.0,195202.0,196547.0,197205.0,198021.0,198716.0,199343.0,200052.0,200963.0,202705.0,204133.0,205862.0,206858.0,208116.0,209115.0,210191.0,210984.0,211686.0,212097.0,212639.0,213076.0,214000.0,215074.0,216176.0,216738.0,217047.0,217680.0,218545.0,219360.0,220310.0,221584.0,223387.0,224588.0,225479.0,226352.0,226531.0,226158.0,225467.0,226049.0,226568.0,226867.0,227098.0,227819.0,228730.0,228961.0,229653.0,230667.0,232484.0,234368.0,238427.0,242880.0,247030.0,249217.0,251275.0,254077.0,257319.0,260212.0,262477.0,264014.0,265139.0,271121.0,276679.0,284971.0,288532.0,292889.0,294762.0,299909.0,305072.0,311431.0,314747.0,318288.0
