,Unnamed: 0,RegionID,SizeRank,RegionName,RegionType,StateName,State,Metro,StateCodeFIPS,MunicipalCodeFIPS,2000-01-31,2000-02-29,2000-03-31,2000-04-30,2000-05-31,2000-06-30,2000-07-31,2000-08-31,2000-09-30,2000-10-31,2000-11-30,2000-12-31,2001-01-31,2001-02-28,2001-03-31,2001-04-30,2001-05-31,2001-06-30,2001-07-31,2001-08-31,2001-09-30,2001-10-31,2001-11-30,2001-12-31,2002-01-31,2002-02-28,2002-03-31,2002-04-30,2002-05-31,2002-06-30,2002-07-31,2002-08-31,2002-09-30,2002-10-31,2002-11-30,2002-12-31,2003-01-31,2003-02-28,2003-03-31,2003-04-30,2003-05-31,2003-06-30,2003-07-31,2003-08-31,2003-09-30,2003-10-31,2003-11-30,2003-12-31,2004-01-31,2004-02-29,2004-03-31,2004-04-30,2004-05-31,2004-06-30,2004-07-31,2004-08-31,2004-09-30,2004-10-31,2004-11-30,2004-12-31,2005-01-31,2005-02-28,2005-03-31,2005-04-30,2005-05-31,2005-06-30,2005-07-31,2005-08-31,2005-09-30,2005-10-31,2005-11-30,2005-12-31,2006-01-31,2006-02-28,2006-03-31,2006-04-30,2006-05-31,2006-06-30,2006-07-31,2006-08-31,2006-09-30,2006-10-31,2006-11-30,2006-12-31,2007-01-31,2007-02-28,2007-03-31,2007-04-30,2007-05-31,2007-06-30,2007-07-31,2007-08-31,2007-09-30,2007-10-31,2007-11-30,2007-12-31,2008-01-31,2008-02-29,2008-03-31,2008-04-30,2008-05-31,2008-06-30,2008-07-31,2008-08-31,2008-09-30,2008-10-31,2008-11-30,2008-12-31,2009-01-31,2009-02-28,2009-03-31,2009-04-30,2009-05-31,2009-06-30,2009-07-31,2009-08-31,2009-09-30,2009-10-31,2009-11-30,2009-12-31,2010-01-31,2010-02-28,2010-03-31,2010-04-30,2010-05-31,2010-06-30,2010-07-31,2010-08-31,2010-09-30,2010-10-31,2010-11-30,2010-12-31,2011-01-31,2011-02-28,2011-03-31,2011-04-30,2011-05-31,2011-06-30,2011-07-31,2011-08-31,2011-09-30,2011-10-31,2011-11-30,2011-12-31,2012-01-31,2012-02-29,2012-03-31,2012-04-30,2012-05-31,2012-06-30,2012-07-31,2012-08-31,2012-09-30,2012-10-31,2012-11-30,2012-12-31,2013-01-31,2013-02-28,2013-03-31,2013-04-30,2013-05-31,2013-06-30,2013-07-31,2013-08-31,2013-09-30,2013-10-31,2013-11-30,2013-12-31,2014-01-31,2014-02-28,2014-03-31,2014-04-30,2014-05-31,2014-06-30,2014-07-31,2014-08-31,2014-09-30,2014-10-31,2014-11-30,2014-12-31,2015-01-31,2015-02-28,2015-03-31,2015-04-30,2015-05-31,2015-06-30,2015-07-31,2015-08-31,2015-09-30,2015-10-31,2015-11-30,2015-12-31,2016-01-31,2016-02-29,2016-03-31,2016-04-30,2016-05-31,2016-06-30,2016-07-31,2016-08-31,2016-09-30,2016-10-31,2016-11-30,2016-12-31,2017-01-31,2017-02-28,2017-03-31,2017-04-30,2017-05-31,2017-06-30,2017-07-31,2017-08-31,2017-09-30,2017-10-31,2017-11-30,2017-12-31,2018-01-31,2018-02-28,2018-03-31,2018-04-30,2018-05-31,2018-06-30,2018-07-31,2018-08-31,2018-09-30,2018-10-31,2018-11-30,2018-12-31,2019-01-31,2019-02-28,2019-03-31,2019-04-30,2019-05-31,2019-06-30,2019-07-31,2019-08-31,2019-09-30,2019-10-31,2019-11-30,2019-12-31,2020-01-31,2020-02-29,2020-03-31,2020-04-30,2020-05-31,2020-06-30,2020-07-31,2020-08-31,2020-09-30,2020-10-31,2020-11-30,2020-12-31,2021-01-31,2021-02-28,2021-03-31,2021-04-30,2021-05-31,2021-06-30,2021-07-31,2021-08-31,2021-09-30,2021-10-31,2021-11-30,2021-12-31,2022-01-31,2022-02-28,2022-03-31,2022-04-30,2022-05-31,2022-06-30,2022-07-31,2022-08-31,2022-09-30,2022-10-31
0,42,1020,42,Fulton County,county,GA,GA,"Atlanta-Sandy Springs-Alpharetta, GA",13,121,276979.19,277230.56,276525.54,279210.91,281379.18,282317.09,284288.13,286687.67,287671.37,289218.93,291129.27,292995.55,292985.6,293503.94,294503.61,294943.93,295007.44,295829.2,297451.78,298219.3,297607.03,299756.04,301629.88,303834.3,303975.97,303113.08,301462.64,299736.46,299457.48,299533.55,299111.93,298168.03,297883.72,297831.19,298936.24,300232.2,299661.73,297637.96,296522.79,297568.59,298077.72,297536.69,296998.45,295951.02,295224.6,295550.18,296084.08,296307.15,295654.1,295593.35,294761.7,294567.73,293130.47,292330.06,292749.22,292947.15,293119.39,292176.3,292562.56,293772.85,293727.86,292340.41,290684.51,289424.41,290523.73,291489.87,290767.03,290116.22,287025.88,287114.06,289964.59,291725.46,289824.11,289076.35,286701.97,282911.79,280592.76,279689.98,279768.16,279775.38,281873.98,284337.06,285660.39,285599.01,284860.37,283367.71,281475.6,279877.17,278569.81,278465.48,279047.88,280070.2,278894.74,277442.8,274869.77,274344.9,271408.9,267176.69,262110.34,258627.77,256735.25,253631.36,251247.26,250539.03,249291.97,249881.55,251776.46,250470.05,245354.42,241239.29,237454.49,233987.54,230374.0,226360.25,225389.72,223097.62,221854.6,219787.6,218518.08,217034.38,214385.76,212456.25,210698.21,210814.84,210741.33,210041.72,207736.06,205244.43,201141.2,197286.65,193474.65,192086.49,190092.27,188514.37,184860.99,182140.76,178687.18,177094.4,175568.68,174073.12,173046.54,172246.72,170845.32,168842.5,165943.52,164304.78,163093.53,162669.39,162922.49,163739.9,164468.4,164427.81,162528.89,161391.12,161822.96,163356.15,165390.42,165855.85,168343.32,171091.79,173449.42,175613.26,178494.44,180909.51,182598.23,184391.39,186766.86,189216.71,191518.79,193363.05,194443.26,195324.23,196307.49,196984.93,198422.22,199542.9,200392.88,201555.12,203698.79,206089.0,208973.5,209871.77,211458.37,213845.67,215918.91,217417.66,218049.8,218452.46,219471.64,220950.61,223760.29,225521.38,227303.99,228993.46,231394.37,232601.18,233342.99,232805.7,233078.18,232737.38,232093.17,233828.9,236209.99,239413.88,240452.87,242369.5,244574.63,245031.32,246177.95,246827.26,248349.63,249091.5,250795.48,253662.71,255736.98,257395.98,258294.46,259811.75,261255.84,261884.67,262983.72,264867.94,266959.48,267988.39,269937.15,271815.5,275170.19,277189.58,277027.64,275506.95,273479.21,272193.24,272684.79,271935.24,271486.24,270884.53,271453.91,270850.88,271432.4,272900.41,272487.72,273085.44,275244.96,278727.87,278534.9,276777.26,276431.31,277398.63,278441.67,279781.79,280910.81,282472.05,282199.19,283409.47,283082.38,283309.86,283235.29,284153.33,285830.57,289366.29,293481.88,297190.02,298836.92,301042.91,301113.15,305009.77,304505.29,307936.67,308251.97,308222.11,310375.32,310272.9,310561.0,308690.8
1,58,2314,58,Gwinnett County,county,GA,GA,"Atlanta-Sandy Springs-Alpharetta, GA",13,135,205838.46,205302.69,204357.16,205828.46,207151.22,207732.89,208852.87,210780.06,211435.97,213039.91,214438.24,216364.5,216332.52,216956.86,217599.68,218062.44,218442.0,219379.46,221208.08,222537.44,223015.51,225265.08,226941.0,229089.75,229530.96,229645.59,229465.12,229431.92,230615.52,231386.5,231828.31,231819.04,232353.11,232782.27,233163.72,234077.98,233478.61,232311.02,231428.06,232442.0,233016.12,232932.07,232954.74,232391.34,231805.12,232237.02,233221.91,234072.48,233244.29,232426.81,231077.86,230837.69,229892.0,229438.69,229968.22,229851.56,229612.79,228556.15,228475.34,229336.04,229013.75,228161.48,226859.28,225918.78,226786.35,227277.1,226638.88,225856.68,223598.84,223575.99,225933.07,227300.94,226057.53,226049.09,225147.73,223819.75,223242.12,223584.63,223648.84,223905.9,225385.38,226890.45,227123.67,226756.61,225946.29,224902.81,223377.82,222461.68,221677.18,221561.8,221816.24,222285.16,221440.78,220776.31,218809.0,218163.12,215375.63,213557.4,210152.82,208027.97,204883.73,201503.62,198347.42,196711.88,194854.4,194670.57,195494.37,192512.66,186582.66,180781.9,177980.98,175749.2,174057.71,170668.07,169774.49,168620.34,166754.45,163799.98,161848.37,161622.63,160659.88,158638.31,155742.0,154446.79,153512.28,153629.61,151817.8,149800.27,146331.2,143451.34,140653.59,137901.65,134394.7,131861.62,128618.53,125771.18,121987.82,119002.23,116113.02,114825.5,114597.77,114778.27,113842.65,112032.95,110326.96,108362.3,108471.97,109067.6,110083.01,110974.15,112278.52,112270.39,110954.61,110390.86,111959.38,114640.3,116437.98,117880.2,119371.97,121132.58,123019.65,124845.35,127201.43,129867.22,133179.45,136755.15,139249.61,141527.27,143391.98,144915.47,145544.48,146198.02,147071.55,147522.95,148950.9,149814.09,150487.0,151569.8,153518.78,155332.12,157579.12,158319.01,158420.62,158525.75,158410.76,159402.55,160634.3,161996.72,163363.21,164352.7,165361.88,166720.7,167502.91,168332.77,168820.05,169277.61,170354.89,170442.5,171120.86,171308.9,171797.97,173112.73,174532.25,175972.51,175917.28,177084.73,178084.07,178704.58,179905.43,181698.04,183368.24,183320.06,183264.83,184503.41,186076.4,187252.57,188549.06,189611.14,191233.82,191889.94,192812.89,194148.0,195543.53,196984.05,198472.03,199915.39,201890.87,203953.09,204054.32,204339.07,204284.5,204847.32,205524.81,205889.45,206225.05,206868.32,207475.1,207532.39,208701.92,210016.95,209943.93,210235.27,211473.47,213920.46,214449.96,213928.76,213781.12,214972.77,217621.57,220922.41,223995.49,226305.36,227474.28,229626.88,231515.78,233898.54,236488.26,240479.2,246022.86,251490.5,255899.11,259465.15,266235.33,273731.02,277808.56,279208.71,280746.52,287379.43,292081.14,293126.84,293838.68,293817.58,293250.0,292986.5
2,84,135,84,Cobb County,county,GA,GA,"Atlanta-Sandy Springs-Alpharetta, GA",13,67,214303.11,213357.41,212463.9,214072.55,215711.05,216213.61,217205.74,218870.14,220099.28,222114.73,223968.15,225679.84,225392.71,226019.8,226815.55,227461.64,227880.73,228822.29,230754.42,232095.5,232267.66,234140.92,235537.39,237600.94,238200.57,238526.46,238357.74,238280.04,239145.04,239706.69,240131.02,240100.75,240294.77,240416.12,240918.71,241643.39,240517.39,238425.49,237111.24,237754.83,238476.74,238758.37,239163.66,238941.69,238762.16,239329.93,240425.74,241129.52,240025.04,238656.27,237254.76,237436.93,236784.04,236800.21,237814.67,238570.98,238370.12,237276.93,237011.29,238177.89,237880.64,237092.03,235247.59,234077.19,235055.45,235978.38,235389.71,234322.66,231620.72,231537.06,233581.59,235060.47,233869.14,233952.52,232798.19,231214.17,230687.97,231106.5,231122.27,231053.16,232225.56,233254.61,233139.37,232766.31,231330.64,229930.34,227832.43,227166.12,226732.71,226738.62,227135.44,226856.12,225125.07,222739.53,219184.64,218561.62,216516.01,215834.36,212621.49,211023.37,208552.86,205734.34,203901.34,203869.05,203748.48,205302.72,208544.56,208188.3,204688.34,202184.39,200806.47,198232.5,194723.35,191314.58,191200.8,189474.77,186338.35,183106.91,181396.84,182138.84,180847.32,180087.43,178892.72,179280.97,178591.14,176980.44,173323.04,170029.14,165288.73,161670.12,157783.57,154996.83,151656.82,149083.29,145533.1,142167.11,138434.39,136221.2,134208.79,133859.37,133577.92,133278.55,133152.3,132433.3,132974.02,131427.66,130959.78,129328.23,129469.84,129810.01,130477.94,128681.35,126860.42,126789.16,128672.97,130266.6,130626.2,129736.36,129845.61,131056.77,132639.52,134489.22,136471.76,139023.61,141683.8,144211.38,145594.07,146545.2,147369.87,149021.56,150009.93,151054.43,151645.31,152105.65,152927.44,153937.05,154780.18,156865.1,159382.02,162052.93,163948.17,163910.67,163343.14,163997.78,164754.93,165741.99,166015.68,166664.62,167589.34,168844.04,170170.37,171510.54,172035.54,173511.34,175138.06,176524.72,177065.0,176890.51,177548.49,177559.33,177537.97,178189.9,179504.2,181303.03,181821.93,182850.24,183605.07,184356.12,185985.11,187974.56,190496.64,191295.18,191874.97,193325.96,195079.22,197216.64,197629.32,199084.31,199440.36,199898.14,199585.77,200800.55,202478.3,203839.64,204954.0,206351.89,209013.18,211150.21,211850.91,211195.19,211196.73,210932.2,212156.55,212194.26,212163.04,212829.75,214302.31,214860.73,215181.41,215640.7,214922.35,216026.22,217899.15,221617.66,222166.68,221740.49,221381.71,222459.26,224371.25,226668.49,229853.43,232749.19,234843.93,236421.51,237772.93,240311.41,243091.59,245935.87,249527.98,254096.56,258260.07,260384.8,264040.89,268249.48,272226.02,275160.13,278084.06,281550.22,282820.36,281597.53,283831.74,285305.31,285986.0,285749.86
3,85,984,85,Dekalb County,county,GA,GA,"Atlanta-Sandy Springs-Alpharetta, GA",13,89,201038.19,200916.99,200251.78,202070.28,203798.93,204881.88,206489.39,208633.01,209334.22,210965.67,212595.34,214759.35,215205.29,216305.16,217547.46,218347.67,218599.01,219462.84,221258.24,222435.44,222531.09,224282.96,225816.68,227878.67,228379.59,228443.67,227765.28,227115.9,227495.57,227728.78,227447.88,226587.53,226284.12,226353.34,226778.99,227516.7,226746.94,225304.99,224286.62,224887.77,225415.57,225097.44,225043.09,224311.92,223644.51,223857.41,224362.72,225016.86,224067.6,223104.93,221470.4,220967.24,219975.38,219733.36,220264.76,220215.87,219708.25,218635.09,218632.5,219617.64,219655.04,218830.13,217850.62,216898.62,217821.04,218929.85,218526.03,217964.97,215188.79,214932.5,217293.2,218948.69,218540.79,219137.51,218858.02,217692.1,216646.39,216387.51,216004.76,216030.81,217189.14,217925.91,217795.21,217797.95,217840.44,217362.24,215649.47,214662.58,213898.33,213369.21,213226.86,213413.06,212556.04,211565.34,208923.73,208279.7,205584.68,203245.19,198838.06,195756.25,192798.05,189854.57,187670.03,187578.11,186580.3,187134.32,188005.18,187421.57,183125.99,179788.77,177149.34,175306.57,173445.65,170534.6,169515.38,168265.55,167463.6,167162.42,166882.3,167294.93,166730.63,166468.62,164099.44,162712.14,161545.4,161086.41,158876.85,155964.51,153957.97,152587.19,150912.86,148657.91,145816.97,143876.96,141309.44,138708.18,135296.39,132565.7,129876.0,127769.79,126028.51,125486.75,124636.27,124198.72,122030.89,121138.73,120705.7,121715.98,122503.45,123137.33,123169.93,121720.41,120099.71,119340.64,119471.73,118698.12,118372.62,118050.23,119476.53,121308.72,123057.87,124800.86,126521.66,128230.11,130315.94,132770.95,135466.11,137682.31,138371.08,138691.85,139282.82,140610.46,141543.36,141612.77,142391.85,143009.46,143541.6,144430.65,146291.85,148115.8,149952.77,149616.66,148747.8,148622.91,148983.75,149885.32,151560.45,153144.14,154589.14,154991.89,156172.61,157882.66,160915.7,163165.48,164729.36,165089.61,165411.57,166209.92,166938.16,167398.68,166527.6,167040.99,169239.33,170885.39,171353.42,172481.58,174409.9,175104.39,175356.28,176434.49,178906.16,180228.91,181705.15,183481.81,185744.3,188272.33,190359.61,191659.07,193732.65,194075.61,195142.87,195547.3,197471.55,199031.08,200312.1,201296.82,203223.94,205193.56,205568.36,205674.13,205143.86,204865.91,204317.14,204460.7,204105.75,204642.47,204698.44,204495.64,205525.07,206598.11,206752.31,206818.3,207668.43,208970.36,208208.04,206754.85,206741.84,208089.22,210375.84,212591.12,215417.31,217756.89,218856.5,218451.47,217348.66,216926.11,218409.32,220386.19,223403.73,225883.38,228098.86,229286.32,231154.17,234170.04,235610.12,237132.77,237132.36,238742.83,239582.07,240334.44,243282.06,245625.15,245479.0,244829.85
4,239,1608,239,Chatham County,county,GA,GA,"Savannah, GA",13,51,195218.08,194758.84,193622.14,194481.15,195121.41,195104.78,195506.81,196331.28,196047.07,196855.35,198457.32,200277.17,200627.63,200288.0,200114.62,199514.04,199245.52,198211.05,197695.87,196637.39,196071.4,197167.7,197984.66,199723.06,200207.14,200834.52,200893.2,200819.17,202286.7,203117.97,204639.31,205231.15,207030.96,208376.24,209525.49,210930.57,210790.85,210039.89,209409.16,210396.18,211537.57,212191.06,213073.93,213391.45,213634.45,215604.54,217821.68,219378.64,219041.74,218662.37,218608.44,219367.95,219561.01,220654.92,222334.89,224059.5,225175.52,226482.07,229143.55,232737.71,234142.13,233709.22,232927.49,232751.77,234440.15,236184.39,237098.55,237834.79,236401.3,237005.36,239732.54,241700.95,241156.87,242256.27,242311.5,241592.87,241572.4,242714.05,243432.15,244861.51,247781.29,251154.28,253129.35,254300.33,254560.19,254427.69,252803.95,251781.17,250317.61,250320.64,250807.53,252221.92,251756.51,251483.33,249888.28,249825.69,248180.87,247665.51,246419.81,245503.57,243082.18,239836.44,237817.2,237301.71,235830.11,236027.41,238717.89,236327.71,228391.59,223203.62,223289.78,225281.22,225317.93,223206.31,223602.13,221965.86,220426.69,218650.77,219101.19,220161.22,217978.63,216207.07,213719.05,213894.43,213321.99,214001.61,213848.9,213604.36,213167.66,211250.98,209352.58,205762.36,203216.77,200588.72,198473.67,196433.09,195086.46,193237.76,191140.72,189025.87,189160.5,190120.4,190325.52,189913.61,188201.66,187604.8,186963.21,187332.76,187988.09,187689.88,186979.3,184851.97,183660.11,184293.57,185141.28,185595.97,185547.53,185422.22,185963.88,187458.09,188285.68,189446.7,190542.31,192025.36,193699.9,193713.27,192315.4,189999.96,190891.97,192111.5,192903.28,191960.18,191317.02,191648.83,192660.47,192552.34,191638.18,191065.78,192056.52,193336.26,198163.25,201567.74,203565.5,202929.21,201907.57,202523.66,203495.07,205168.61,204541.74,204396.66,204531.35,206759.82,212697.62,217109.17,220308.88,219223.41,219985.77,221689.17,222836.66,222614.93,216638.56,211989.05,208024.96,208760.89,207973.01,207314.67,207134.12,206122.33,206489.63,206732.64,208428.61,209191.74,209902.14,211178.02,212806.92,214723.6,214173.27,213801.27,212937.15,212790.63,212122.85,212365.97,213350.4,214278.41,215132.57,216767.2,219961.63,223160.37,223192.04,222691.72,222141.88,219885.87,217922.52,215942.85,216454.87,216871.9,217905.5,217057.85,217042.75,216381.06,215442.4,214254.62,214028.56,212136.53,209017.22,204863.23,204620.32,205348.59,206943.41,208973.18,211611.24,213765.25,213616.61,213083.26,213033.42,214242.04,215825.98,216532.11,218429.81,221963.44,226180.44,229863.65,234083.3,239524.89,241620.22,245990.47,246711.64,252615.68,254232.78,258010.03,264190.54,270219.94,275186.0,278289.12
5,242,1622,242,Clayton County,county,GA,GA,"Atlanta-Sandy Springs-Alpharetta, GA",13,63,111021.67,110532.14,109912.58,110583.07,111208.68,111526.81,112063.91,112878.07,112908.36,113394.3,114029.85,114922.69,114812.66,114829.92,115013.94,115117.54,115071.98,115538.35,116589.53,117395.51,117627.86,118678.1,119788.96,120984.11,121563.91,121893.27,121960.2,121787.02,122270.7,122785.13,123357.43,123665.62,123883.72,124120.75,124369.59,125174.55,125335.63,125028.95,125012.24,125644.41,126309.19,126079.58,125174.3,123903.67,123128.84,123231.47,123985.31,124488.65,124433.39,123498.91,121832.24,120582.99,119715.18,120228.36,121235.26,122004.53,121541.23,120994.74,120219.67,120646.29,120250.04,119599.08,118488.27,117214.76,117080.37,116367.05,115319.17,113648.45,112315.25,112667.84,114880.92,115764.17,115207.3,115174.05,114890.54,114077.38,113571.2,113158.6,112311.56,111500.24,111431.0,111489.79,111423.05,110772.04,110301.5,109619.68,109098.82,108614.39,107817.68,107338.48,107194.8,107187.61,106403.3,105887.79,104539.53,103710.96,100939.75,97281.09,92882.47,89440.45,87287.85,84481.39,81172.73,79716.53,78224.75,77557.95,76544.82,75430.3,73981.65,72130.08,70721.6,69878.77,69845.42,68501.99,66741.87,65169.21,65421.2,66018.66,65446.49,64767.53,64282.58,63855.74,62900.42,61620.52,61092.57,61421.89,61924.91,61124.4,59054.79,57019.01,55692.79,54554.53,52469.69,51686.48,50555.13,50498.24,49622.12,48410.36,46410.0,44864.79,45189.21,46445.36,46719.41,45977.41,45229.94,44297.68,44632.73,45215.54,46490.43,47113.57,47935.4,48511.4,48116.33,47949.0,48591.11,50307.19,51459.35,52278.84,52905.02,53728.49,54814.14,56749.73,58991.6,60552.76,61530.72,64143.65,67142.8,69653.71,71782.27,73353.41,74842.3,76117.52,77313.56,77900.85,78110.65,78750.48,78697.49,78290.67,78455.52,80070.86,81824.86,82562.3,82615.6,82000.14,80538.37,79841.82,81139.84,83072.02,84531.25,84464.45,84259.18,84412.56,83539.11,82576.64,81476.0,81642.33,81359.06,80682.65,80444.6,79776.8,79033.48,78382.54,79263.41,80294.73,80797.52,81333.65,82270.75,82971.85,83495.25,83517.73,84156.19,84474.33,85053.96,86493.94,88122.26,89219.14,88760.88,89529.59,89976.99,90721.28,90796.2,92122.86,94381.52,96570.37,98742.78,98946.56,99143.66,99912.63,102177.5,103939.63,105508.46,106104.9,107398.94,108601.21,109345.51,109967.67,110226.06,110482.11,110723.71,111670.0,112906.72,115293.38,117227.17,118573.17,117759.36,116503.68,116350.35,117328.68,119109.78,120701.78,121911.53,122452.07,122911.48,124292.74,126325.24,128674.15,131457.96,133333.97,135272.29,138706.13,143778.38,148591.26,153181.58,158254.59,163290.43,166663.41,169578.76,172830.1,175771.03,177932.95,180561.64,181515.56,179042.0,178048.75
6,273,2188,273,Cherokee County,county,GA,GA,"Atlanta-Sandy Springs-Alpharetta, GA",13,57,,268401.48,267186.15,269431.66,269430.71,269311.94,268999.43,270109.02,265515.86,263495.57,264211.97,269227.03,270900.44,271407.11,272120.04,273306.65,274043.81,275359.45,277452.77,278352.39,278713.2,280412.57,283582.14,286899.28,288969.65,288796.85,287853.96,287609.92,288922.28,289924.83,290339.53,290086.7,290755.41,290151.51,289670.2,289331.19,287838.42,285734.84,284234.75,285397.52,286139.09,285942.27,285816.9,284831.17,284837.92,284903.59,286534.74,287380.36,287347.65,286569.56,285258.78,285935.04,285375.16,285378.47,285800.72,285820.62,285756.24,284222.03,284654.41,286103.88,286479.64,285579.43,284151.05,283555.36,284573.83,285018.08,284004.55,283045.12,280370.09,280090.2,282876.35,284822.57,283971.76,284374.03,283363.99,281656.8,281272.85,281489.25,281343.36,281183.0,283398.25,285403.4,286395.42,286431.49,286518.79,285854.49,284002.09,282905.76,282098.13,282427.16,283163.03,283925.96,283100.08,281150.56,277441.35,275759.28,272334.14,269675.18,266470.83,263562.98,260239.97,256033.61,253082.38,252210.8,251401.53,252627.98,255963.98,256305.17,251959.9,247370.07,241887.59,237895.98,234336.42,230883.39,229513.46,226886.21,224667.81,224153.7,223904.61,224252.92,221181.11,219544.33,217715.03,216551.98,216679.44,216955.19,217184.42,214561.49,211560.23,207147.18,203320.19,198996.87,195430.76,192925.4,189780.63,186490.48,182403.12,179487.56,176974.41,175357.07,173788.27,173151.22,172030.04,171559.74,170305.32,169154.6,168375.19,169849.49,170981.5,172436.76,172481.17,172242.92,171328.97,170895.21,172157.43,173564.7,174243.88,174302.44,175842.16,178378.89,180194.8,181923.03,184620.02,188125.49,191954.41,196786.25,199544.92,201356.53,202505.9,203309.71,203619.08,203077.71,202966.02,202877.68,203345.56,204138.8,204588.8,204814.06,206203.7,207667.76,209209.72,208775.44,207943.72,208604.47,209407.5,210412.82,211840.13,213068.43,214352.39,216431.81,218201.45,221056.55,223079.56,224841.34,225220.95,224857.85,225234.26,225551.08,226984.83,227875.8,228657.03,229320.21,231324.13,232538.04,232205.18,232372.46,233005.5,233756.15,233955.53,234718.9,235863.09,236552.78,236955.53,238651.62,240911.56,244061.99,245399.14,246829.21,247430.79,247609.7,248313.68,249125.83,250634.25,251593.35,254111.41,256338.08,259651.36,262059.33,262795.21,263470.29,264005.25,264547.37,265499.05,266645.5,267627.06,268568.45,268939.66,269372.3,270826.57,272268.62,271820.4,271475.63,272641.57,276045.6,278115.84,279314.78,279992.76,280942.03,282561.72,284897.52,288343.87,292439.19,295307.97,297691.61,299084.96,300237.83,302402.47,306125.31,312390.79,320074.87,326798.26,331713.84,337535.97,342860.82,347000.21,351848.81,355326.37,361540.11,364213.68,364995.18,369398.11,372786.06,373648.0,371927.28
7,289,1711,289,Forsyth County,county,GA,GA,"Atlanta-Sandy Springs-Alpharetta, GA",13,117,367975.1,367763.99,366637.63,370576.83,372569.32,369014.64,367882.18,366090.68,367243.94,365984.73,368197.06,368548.54,367026.57,368048.67,371370.48,373917.68,374330.51,375912.33,379365.77,381912.47,382421.21,384637.78,386446.02,387662.83,387447.57,386109.15,385573.18,386692.29,388608.83,389331.58,387727.49,386630.61,386340.71,385681.78,384935.26,384091.54,381619.62,378502.34,376659.34,379786.67,382233.71,383381.58,383418.16,382443.38,382685.2,383087.68,384743.6,384536.26,382723.66,380792.55,379166.68,379511.65,378264.61,377903.71,378847.05,378852.31,379471.92,378356.35,379732.43,381052.81,381360.15,379519.63,377795.28,376833.29,379131.0,380843.58,380297.02,379711.73,376580.38,377555.57,382155.32,384746.42,382701.21,382880.83,382310.39,381625.86,382677.12,385035.6,385827.06,386688.86,389296.83,392499.9,393692.61,393719.19,393397.88,391756.4,388649.2,387339.85,386595.88,388086.09,388499.74,390011.51,388746.02,387958.81,384772.76,383357.92,379608.55,376232.35,372083.09,369022.17,365252.83,359905.22,355910.8,354190.03,350629.66,349456.19,353741.2,355828.5,352336.76,346791.44,342096.17,338819.61,335377.38,329548.76,325869.83,321460.64,318696.61,317719.95,315844.71,314437.89,311156.18,310369.3,308692.27,305376.96,302872.64,301070.19,300806.54,299353.09,296673.48,293251.1,289705.32,286223.72,280039.16,273595.42,267185.24,263567.45,261096.05,258492.34,254898.96,251054.93,250399.58,251969.77,252868.66,252035.33,251162.96,251897.58,252929.6,253500.36,254766.82,255668.67,257288.27,255988.03,254981.66,254831.94,254976.33,254917.66,253958.5,254061.13,255802.18,258424.67,259828.2,261612.39,263946.37,266496.09,268109.47,269809.51,272153.49,275675.38,279362.36,281915.83,281988.51,282390.27,283023.08,284808.31,286865.4,289036.28,290160.62,292260.24,295038.35,298477.78,302493.79,304220.55,304601.57,305721.06,305583.5,306193.4,307377.99,308602.31,309898.01,311467.57,313559.54,316668.82,317500.47,318721.45,318226.16,318048.18,318186.22,318666.71,320880.45,322196.68,322963.17,323574.0,326226.49,328609.21,328878.41,329477.19,330638.86,331719.88,333459.51,335189.3,337547.47,338360.32,339001.28,341805.16,344421.17,347598.76,348098.32,348170.75,349321.54,350493.73,352161.32,353188.67,354228.38,355684.39,357162.18,358774.01,361982.86,364344.22,364179.14,363994.19,362940.09,361598.71,359391.13,359587.24,360118.77,362458.89,362771.63,361842.66,362483.38,364422.39,364161.08,361327.64,361537.36,365794.51,369392.22,369705.26,369104.7,369894.91,372872.18,376871.2,382449.58,386503.1,388687.52,391061.53,393113.69,398024.62,403072.09,409573.76,417571.65,428043.12,437153.14,443565.33,450097.43,458510.78,463827.16,468870.56,474250.26,484098.18,490108.51,490006.51,493357.3,493914.02,491871.0,487631.92
8,297,553,297,Henry County,county,GA,GA,"Atlanta-Sandy Springs-Alpharetta, GA",13,151,,,,,,,,,,,,,,222074.18,221143.86,219659.73,221595.48,225147.21,229200.99,231038.69,232237.69,235640.83,237749.23,240273.38,240640.73,241562.98,241661.14,242613.3,242946.76,242729.22,241409.88,239939.78,240345.61,242829.22,246687.88,250178.46,251079.64,251106.7,250923.61,252613.0,253592.11,255209.64,256189.37,255134.29,254136.24,253663.35,254749.74,255090.61,254727.61,254513.66,252483.19,250382.81,246994.17,245122.42,244774.14,244823.53,245283.13,244864.27,245269.08,246459.82,246973.21,246929.4,245966.77,244964.21,245112.41,244893.31,243321.8,241461.77,238297.41,237467.26,239561.31,240637.69,239776.86,240498.13,240245.13,238542.31,237359.92,236804.22,236250.42,236666.17,238836.09,240971.91,241628.23,241321.97,241105.18,240408.37,238698.66,237330.37,235115.31,233612.08,232704.0,233215.77,232972.0,232203.36,229266.2,228093.18,225198.92,223625.65,218672.25,214416.68,209391.36,205170.06,201944.78,200743.63,199392.33,200523.87,201218.85,198799.58,193486.15,187018.99,183288.98,177312.3,174053.54,167461.84,162775.73,158287.33,154448.9,152037.61,149508.47,148067.95,146118.56,143963.68,141570.61,140099.85,141003.46,142350.46,141251.7,137280.09,134876.78,132726.35,131528.36,127626.13,125231.27,122862.52,120739.67,117179.95,112861.49,109090.31,106389.85,105488.06,106041.07,106101.64,105114.09,102614.67,100231.05,98813.89,98168.72,97188.06,95333.98,94005.97,94592.13,95400.78,96174.94,97707.2,99747.79,101675.69,102724.08,103235.79,104670.11,106098.86,107741.26,108069.31,108676.03,109518.84,110025.41,111692.21,113943.08,116613.38,117873.82,117664.57,117399.02,117863.34,118561.01,120282.06,122510.38,123935.8,124464.81,124494.53,125774.92,127287.22,127974.14,127600.3,126430.54,127740.88,129811.45,131926.69,133579.39,134248.34,134692.17,135334.3,136122.04,138388.26,139422.69,140298.18,139002.4,137363.99,135222.84,134410.73,134607.61,135002.91,134200.91,134054.68,134932.52,136683.24,137331.1,137849.54,138183.16,138797.83,139759.89,140548.05,141195.57,141909.18,142738.27,144609.41,146043.8,147702.08,148314.79,150161.67,152406.18,154798.71,155077.78,155809.8,156974.72,159079.37,160074.02,160954.83,161836.07,163134.35,163238.98,164080.66,165233.89,166696.95,168636.48,170536.88,171137.37,171795.05,171576.18,171534.28,171371.29,172901.8,174646.27,176868.78,178094.0,179611.27,179946.95,180478.17,180478.27,181169.38,182980.28,185213.76,187304.67,188083.39,189216.77,191882.36,194195.85,197976.47,199368.93,201966.78,204673.5,209304.18,214264.19,218010.18,222078.48,226080.27,228770.23,231788.01,234104.44,237590.95,241347.91,243326.45,246640.08,248474.27,248341.0,246953.24
9,327,2509,327,Richmond County,county,GA,GA,"Augusta-Richmond County, GA-SC",13,245,,,,,,,,,,,,,,,,,,,,,,,,,,,,,,,,,,,,,,,,,,,,,,,,,,,,,,,,,,,,,,,,,,,,,,,,,,,,,,,,,,,,,,,,,,,,,,,,,,,,,,,,,,,,,,,,,,,,,,,,,,,,,,,,,,,,,,,,,,,,,,,,,,,,,,,,,,,,,,,,,,,,,,,,,,,,,,,,,,,,,,,,,,,,,,,,,,,,,,,,,,,,,,,,,,,,,,,,,,,,,,,,,,,,,,,,,,,,,,,,,,,,,,,,,,,,,154372.34,155076.75,155040.46,156193.91,157582.4,158700.12,160120.18,160815.35,161137.17,160837.49,161995.65,163956.5,165346.93,167092.33,167535.72,168696.88,168538.07,168795.65,172035.36,175261.14,177321.0,178812.65
10,333,172,334,Hall County,county,GA,GA,"Gainesville, GA",13,139,193296.21,192421.78,191281.66,192029.4,192364.47,192243.44,192523.27,192798.09,191794.01,191959.72,193678.73,196038.27,196320.44,196519.65,197281.3,197178.5,196651.59,195853.26,196684.21,197324.65,197406.45,198602.47,199338.19,200235.38,201162.42,201867.83,201709.92,201099.8,201423.35,201643.01,201658.05,201633.98,201965.55,201947.31,201667.37,202539.88,201406.36,200046.32,199196.52,200632.84,201763.12,202039.48,201924.66,201929.13,202159.58,203804.42,205030.78,206105.21,204194.93,202266.2,199507.56,198051.45,196296.66,194686.96,195210.03,194607.37,194370.95,192849.02,192589.54,193974.87,194489.4,194967.88,193735.93,193349.21,194090.14,195220.31,195334.3,195746.69,194150.95,194871.14,197061.89,198899.06,197634.01,197745.53,197074.27,196585.59,196527.94,196651.03,195708.05,195124.69,196067.36,196894.9,196858.09,196436.01,196628.55,196671.64,195931.84,195869.21,195350.42,196438.43,197321.98,198940.75,198764.13,199261.79,198798.39,199663.85,198365.56,196540.5,193204.32,190405.16,187893.09,184656.72,182469.64,181638.87,180665.39,180469.7,181784.68,181411.37,179189.98,177245.82,175973.05,173775.49,170687.92,167176.99,166758.87,164496.22,160982.36,157898.88,156647.07,155340.09,151937.28,148184.21,145557.04,142675.71,141402.05,140103.62,139617.97,138423.48,137465.24,135203.02,132075.04,127321.44,123163.8,120617.44,118900.12,117405.61,114065.99,111160.0,108126.65,106699.95,105431.47,104691.15,103277.32,101199.49,100014.99,99356.23,100127.67,100517.53,101887.1,102924.0,104824.12,105493.68,107261.94,108367.38,109580.75,109950.34,109987.03,108790.57,107660.21,107807.99,109452.45,111759.33,113617.41,115215.72,116723.43,119523.34,122789.92,124956.64,126621.38,127779.36,129558.08,132138.35,133922.91,135200.73,135455.32,136171.15,136783.24,137946.53,139284.88,141196.54,141978.43,141488.4,140433.82,141033.32,141874.49,142798.38,143893.19,145270.48,146837.91,148282.95,149675.84,151735.05,153264.86,154948.87,155842.52,156665.24,156965.54,157803.86,158805.87,159281.25,158568.56,159148.34,160704.75,163101.06,168118.71,174538.26,179631.41,179917.18,179587.68,179836.89,180854.68,181692.88,182136.86,183128.04,184690.24,186175.01,186931.31,187541.75,189587.75,190511.01,191289.85,191155.05,191504.91,192164.89,192961.24,194192.49,196737.55,200785.74,202201.86,202272.49,200698.78,200556.9,200749.77,202387.68,202887.61,203957.6,204110.05,204321.49,204710.37,205252.53,204876.92,205163.75,206083.86,208517.72,208924.61,207678.21,206202.3,206516.79,209066.73,212168.23,215188.05,218430.33,220695.79,223485.66,225551.09,227336.74,227974.17,229291.65,233983.24,241215.97,247330.62,252290.39,258726.18,265376.17,269525.54,273712.26,275150.09,276477.64,275178.19,274244.22,277485.37,279567.0,280312.0,279455.39
11,338,2448,339,Muscogee County,county,GA,GA,"Columbus, GA-AL",13,215,143774.29,141845.56,140403.01,140350.51,140986.4,141405.6,142028.12,142519.37,140810.36,140055.85,140023.14,141050.33,140347.3,141213.41,142914.23,144922.5,145602.95,146097.9,147126.47,147985.96,150121.92,152588.04,157758.3,161181.69,165057.76,165895.31,166026.56,165421.76,164375.18,163521.57,162967.53,160217.19,158182.27,155324.06,155104.69,155081.77,154220.91,152912.05,152425.89,153061.2,153825.8,154695.62,157558.4,160359.93,162867.78,165375.0,167901.63,169737.78,169589.23,169426.04,168919.23,169092.15,168094.41,167752.06,167416.01,166994.05,166243.74,165093.04,164857.42,166296.7,172184.44,176447.56,179148.89,177715.7,179393.26,180988.79,181513.13,181340.02,179886.85,181175.06,184603.76,186681.37,185020.8,184352.57,183927.37,183948.78,184245.21,184945.47,183227.53,183002.0,184053.14,187850.93,189415.06,191516.17,192033.09,192074.37,190438.02,189246.23,188295.22,188047.82,188942.07,190679.62,191404.08,192080.81,191812.33,192483.74,191135.18,190319.53,188759.03,188396.25,186357.2,183579.71,181499.46,182268.83,182968.95,185794.0,189850.93,191812.39,185709.71,179546.79,174640.47,173988.45,173366.54,171625.82,171880.46,171147.9,169061.92,166729.93,164319.37,163146.88,162295.37,162187.83,163101.13,163249.91,164927.34,165066.73,165056.4,164272.77,163078.02,161785.47,160051.66,159011.98,158092.38,157116.76,155863.81,154611.86,153262.71,152155.49,151144.51,150710.52,150487.25,150554.48,150197.47,150595.15,148310.37,146482.97,144990.72,146254.23,148222.54,149679.3,150910.82,150262.44,148734.28,147763.08,147647.87,147759.58,147137.01,145743.59,144988.65,144904.69,144504.45,145120.74,145832.3,145315.7,145141.82,146089.73,147210.12,147314.45,144994.56,143388.32,140172.14,138709.96,137860.39,138208.12,138187.33,137496.38,136243.31,136090.18,136570.06,137547.3,138550.7,138763.39,138715.46,139228.13,138603.18,138429.06,138955.8,140009.74,140539.89,139687.13,139483.6,139443.6,140462.51,141344.65,141832.97,140942.89,140940.83,141235.58,142567.21,142744.48,142520.16,142604.23,142668.98,142086.29,140056.7,138780.4,138544.73,139091.58,139165.63,139018.9,138643.21,138394.91,138217.94,138541.2,139102.17,139846.17,140619.99,141047.31,141213.17,140132.81,139322.37,138703.73,137966.5,136894.05,136134.34,136276.87,137402.56,138610.74,139032.06,138992.84,137966.76,136717.42,135864.89,136331.47,136994.8,137502.68,137933.72,138110.42,139095.0,139826.88,140065.4,140490.36,141677.62,143364.18,144413.67,145040.41,145858.06,146763.05,147037.87,147089.73,147681.45,148720.78,149635.11,150138.49,151637.35,152898.56,154250.41,153806.05,154277.58,155678.08,157950.63,159337.29,161243.88,163142.09,164338.74,165456.16,165084.89,166229.89,165628.85,164643.69,165518.68,166742.86,167907.0,168433.75
12,402,2470,406,Paulding County,county,GA,GA,"Atlanta-Sandy Springs-Alpharetta, GA",13,223,,,,,,,,,,,,,,,,,,,,,,,,,,,,,,,,,,,,,,,,,,,,,,,,,,,,,,,,,,,,,,,,,,,,,,,,,,,,,,,,,,,,,,,,,,,,,,,,,,,,,,,,,,,,,,,,,,,,,,,,,,,,,,,,,,,,,,,,,,,,,,,,,,,,,,,,,,,,,,,,,,,,,,,,,,,,,,,,,,,,,,,,,,,,,,,,,,,,,,,,,,,,,,,,,,,,,,,,,,,,,,,,,,,,,,,,,,,,,,,,,,,,,,,,,,,,,218294.84,219138.72,218728.06,219795.79,220839.4,223916.91,229908.43,239620.0,249086.74,256989.51,263228.25,268695.54,271849.14,273538.6,276348.66,280980.44,285979.39,286926.45,290024.84,291126.81,290020.0,286826.49
13,425,1782,429,Houston County,county,GA,GA,"Warner Robins, GA",13,153,114359.0,114052.58,113612.28,114524.92,115440.14,115656.99,116414.69,117100.03,117785.1,118368.4,119086.33,119373.11,118999.5,119016.97,118895.02,118540.32,117881.38,117777.75,117943.97,118223.22,117752.71,118407.52,118833.62,119485.8,119081.85,117900.22,116744.48,115941.66,116362.6,116806.07,116706.03,115999.86,115664.93,115511.19,115707.64,115997.95,115768.19,115216.94,114722.25,114907.33,115282.82,115244.55,115185.39,114618.37,114150.88,114352.9,114696.59,115141.53,114880.08,114486.27,113921.06,113904.81,113493.35,113334.66,113703.79,114264.03,114662.6,114621.68,114888.01,115845.58,116209.59,116131.16,115741.3,115350.94,115660.46,115448.39,114872.59,114336.06,113209.56,113242.98,114527.93,115501.75,115377.94,115678.94,115596.17,114809.46,114976.82,115228.5,115545.09,115647.4,116387.06,117180.33,117556.59,117974.56,117999.71,117791.79,117172.62,116918.97,116358.72,115840.19,115345.3,115337.38,115305.12,115577.49,115301.77,115367.87,114677.74,114405.95,113401.93,113015.37,112060.67,111010.52,110216.1,110332.66,109949.59,110350.69,111481.32,111886.8,110981.62,110414.26,110316.65,109954.25,109411.31,108098.31,107303.83,106035.08,104994.41,104363.41,103385.44,101673.88,99512.67,98374.54,97833.13,97835.04,97374.27,96973.76,96878.42,97084.73,96525.54,95675.39,94648.98,93602.33,91909.22,90236.42,88787.25,87591.0,86843.31,86985.06,86555.97,86179.07,86028.78,86896.12,87436.54,87640.9,86847.1,85989.23,85092.67,84849.28,84649.33,84619.73,84629.61,84403.45,83718.1,83278.49,83440.31,83261.0,82644.3,81222.5,80635.82,79606.7,78763.16,78246.65,78417.86,78326.18,78055.2,78509.63,78879.16,79534.19,80471.47,81325.4,81889.03,81596.16,81718.89,81772.48,82260.35,82616.38,82363.47,82422.15,82253.74,82427.0,82525.9,82194.33,81417.65,81125.77,80349.9,79826.9,78807.95,77889.74,77271.49,77391.12,78462.73,80450.94,81405.59,82048.4,81277.82,80635.03,79927.1,78830.5,78443.91,77978.82,77880.32,77649.51,77984.46,77855.67,76784.9,75493.82,74711.79,74759.14,75216.8,75847.77,76010.47,75459.56,74511.35,74572.92,74832.21,75517.94,76886.98,78335.11,79643.89,79559.56,79941.43,80625.76,81703.88,81992.82,82330.33,82484.42,83469.37,84322.8,84242.52,84147.42,84475.19,85102.27,85086.07,84708.76,84565.14,85295.94,86323.88,87392.2,88751.14,89150.74,88415.01,87536.55,87566.5,88415.3,89109.31,89556.93,90405.24,91328.09,91602.47,91429.97,90819.74,90894.99,90596.21,90833.08,91022.3,91393.93,91369.39,91348.73,92261.7,93416.83,94573.67,94809.57,96104.76,98105.62,100087.77,100692.48,100944.29,101836.57,103662.86,104719.35,107304.33,109464.93,111262.0,112550.44
14,426,101,430,Bibb County,county,GA,GA,"Macon-Bibb County, GA",13,21,142898.63,142612.92,141309.73,141416.1,141072.93,140482.81,140169.64,140150.75,139768.03,140269.07,141526.78,143143.33,143537.43,143512.91,143672.25,143706.08,143885.9,144372.08,145374.05,146432.53,146393.1,147321.66,146966.81,147399.52,147470.5,147944.93,148694.5,148725.9,149356.49,148636.63,148486.4,147976.94,148151.47,148683.95,149748.07,151025.89,150672.94,149631.11,148771.38,149306.7,149778.86,150031.03,149958.25,149566.47,149426.48,149599.25,150048.11,150035.4,149141.21,148439.07,147697.62,147892.48,147154.61,146995.84,147236.51,147443.88,147258.34,146880.31,147682.96,149235.31,149835.9,149744.12,149288.44,149029.34,149811.7,149995.62,149661.71,148798.43,147387.27,147319.28,149224.13,150524.49,150023.5,150197.99,149388.9,148520.37,148401.07,148499.08,148252.31,148504.44,150121.36,151710.36,151704.98,151669.18,151845.47,152304.82,151976.94,151672.41,151454.88,151906.97,152772.07,153589.51,153309.75,153037.9,151946.46,151847.8,150978.64,150788.22,149632.78,149069.26,148738.3,148381.62,148136.83,147559.99,145989.87,145998.13,147963.17,149369.7,148296.46,147233.93,146500.02,145666.14,143697.67,140629.91,139083.57,137861.96,136622.74,135078.48,133697.37,132749.87,131274.53,130461.26,129339.94,128775.32,128241.6,127988.36,127487.58,126903.94,126296.16,125452.41,124405.34,123265.66,121878.04,120236.55,117991.63,115877.4,114320.81,113584.73,113054.57,112395.17,111800.92,111624.33,111408.94,111299.05,110201.26,109226.67,108083.8,107662.8,107572.32,107612.59,107728.67,107316.69,107247.83,107716.83,108600.93,109095.86,108998.45,108421.1,108548.95,109101.01,109407.85,109745.9,110355.76,110881.82,111338.65,112234.87,112903.92,113299.51,113137.15,113133.71,112824.3,112905.53,112996.64,113313.38,113814.81,114433.28,114878.42,115785.28,117157.91,118398.6,119519.74,119239.37,118846.89,119046.1,118980.31,118972.95,119103.02,119389.01,119737.32,119877.3,119503.71,118483.35,117037.08,116678.56,116478.68,116123.81,115991.96,115207.09,115397.51,115212.75,115227.81,114609.15,114814.75,114994.78,114872.4,114593.77,114574.97,114606.41,114760.8,114937.9,115184.58,115190.07,114976.59,115653.36,116376.11,117282.53,117525.99,117502.07,117722.24,116994.33,116494.44,116154.76,116956.06,117742.18,118954.12,118872.26,119050.35,118901.36,119575.97,120731.78,121468.48,122295.61,123169.32,124823.83,125405.72,125745.26,125650.29,126331.34,127774.64,128648.68,127990.4,127847.12,128687.14,130007.25,130328.85,129560.85,129685.47,129735.74,130549.68,131427.94,132573.53,133737.6,134529.31,135085.59,134616.19,134156.76,134207.78,134947.49,136534.53,139276.81,142569.77,145187.38,147431.18,149245.02,149741.57,150868.72,150684.49,152736.89,152859.73,153520.07,154802.47,156201.23,156848.0,157385.57
15,432,2213,436,Columbia County,county,GA,GA,"Augusta-Richmond County, GA-SC",13,73,,,,,,,,,,,,,,,,,,,,,,,,,,,,,,,,,,,,,,,,,,,,,,,,,,,,,,,,,,,,,,167682.59,167020.14,166386.36,167328.56,167576.73,167450.45,167114.69,166027.35,166711.63,168735.95,169305.74,167529.63,167525.49,167224.12,166922.46,167354.27,169127.9,170758.67,172610.08,175605.3,178173.05,179039.3,179012.88,178862.54,178922.87,177908.18,177291.25,176427.12,176369.36,176314.49,177165.18,177558.07,178366.64,177698.99,177811.22,176923.33,176499.34,175388.44,174918.36,174031.76,172222.29,170708.72,170307.69,169341.58,170052.72,172086.46,173160.59,171575.19,170631.06,169428.75,168508.55,166874.0,165075.74,164821.05,164683.24,164895.01,165141.39,165790.17,166566.48,166275.87,165589.45,164121.26,162757.07,161674.64,160887.6,160624.93,159976.56,158969.1,157262.33,155794.93,154432.14,153499.21,152810.34,151597.65,150457.45,149649.22,149783.36,149100.29,147900.25,146917.27,146509.14,146299.59,146020.82,144966.02,143604.37,141956.55,141141.99,141128.29,141348.48,141658.25,140714.5,139917.52,139044.26,139720.39,140582.45,141376.91,141331.72,141326.58,141201.78,140778.82,140506.63,141184.43,140929.77,140772.4,141481.54,142187.52,142802.13,142765.16,143069.75,142857.68,143006.74,142420.43,141701.18,141052.63,140853.15,140298.33,140289.17,140829.55,141838.66,143144.29,143399.07,143429.31,143508.4,143551.95,143865.53,144830.92,145311.58,145460.81,145549.96,146051.66,147099.56,147191.29,147559.68,147081.57,146757.21,146467.32,146518.61,146971.94,146855.56,146247.66,145831.03,145847.93,145735.05,144488.55,143526.1,143382.75,143155.44,143569.24,143737.2,144637.91,145290.48,146145.04,147674.2,148737.91,149541.75,149097.92,148757.44,148292.2,148090.07,147775.2,148108.95,148355.71,148951.36,149744.96,150615.81,152059.37,153184.56,152897.77,152268.27,151646.44,151260.02,151344.36,151412.72,151573.12,151878.12,152080.59,152047.41,152412.86,152721.43,152464.86,152200.76,153659.65,155952.44,157409.16,157532.28,157555.07,158262.28,158927.07,160177.7,161472.02,162913.15,163644.82,164493.97,165115.33,165786.54,166649.98,167829.53,170039.76,172776.98,175339.72,176937.23,179566.13,182551.58,184304.14,185641.52,185784.77,187149.53,187135.79,186483.26,188536.93,190426.69,192024.0,193439.31
16,445,1671,449,Douglas County,county,GA,GA,"Atlanta-Sandy Springs-Alpharetta, GA",13,97,,,,,,,,,,,,,,,,,,,,,,,,,,,,,,,,,,,,,,,,,,,,,,,,,,258760.15,256556.78,256461.06,256154.25,256185.83,255618.45,256011.39,255653.44,254933.04,255029.55,256273.35,256293.01,255898.63,255181.18,251318.28,248063.7,244554.53,245174.95,245839.84,245548.9,246194.19,248453.53,248183.07,243217.92,242350.38,240374.37,240925.61,240704.69,240727.53,238372.56,236162.51,237924.75,239915.88,241911.04,242782.47,243825.21,243452.31,241436.18,240539.9,239143.19,238031.04,236391.68,235969.48,234244.71,233051.44,230530.1,229469.57,225588.42,221787.54,217144.61,214796.63,211943.86,207767.63,204319.63,201373.59,199597.18,198544.9,201074.93,199561.97,194758.33,189406.68,186174.6,183133.21,180278.22,174079.34,171548.3,167676.98,164831.79,156348.78,148021.21,141839.01,140334.09,140415.53,140045.87,138760.18,136837.93,135509.16,133774.69,132510.76,129900.97,127374.03,123534.46,120337.93,115306.36,111237.45,106522.66,104279.9,102042.03,99484.76,96057.11,92953.85,92549.98,94333.98,95519.62,95252.07,94376.47,94866.23,95912.18,98537.39,101987.83,105200.39,106969.5,108007.25,108316.25,108721.52,109130.81,110622.55,112559.68,114787.68,117690.12,117719.42,117849.13,118974.12,123595.46,127533.39,130331.15,132426.55,134870.12,137260.76,139142.55,138140.67,135872.5,136044.51,137162.97,139765.99,139850.45,139421.84,138471.58,137502.76,137896.05,138821.43,141277.39,141574.39,140202.53,138698.74,137888.01,137080.82,137301.71,137670.81,137598.56,138333.11,139594.9,141492.81,140928.55,140482.19,139213.04,138733.53,138000.29,138090.38,138570.76,139157.13,138620.55,138436.89,138914.5,139990.23,140680.04,141951.92,142901.87,143387.28,143481.92,144283.67,145845.58,146934.58,148385.36,149961.66,151724.41,152993.54,153551.23,153841.5,154884.79,155341.28,155377.43,155487.07,155925.31,156685.09,157409.74,158454.87,160851.57,163775.86,164750.66,164688.89,162909.18,161986.08,161885.37,163274.93,165038.58,166071.94,166768.46,166994.72,167892.09,167360.05,166580.93,166488.22,169043.09,171325.99,172565.94,172281.89,172378.23,173541.29,176251.13,180204.04,184492.04,188793.29,191606.38,193778.22,195472.15,198279.89,200701.95,202479.13,204574.57,207482.54,210442.51,213143.66,218164.79,223924.49,229718.25,233718.15,235203.9,238583.7,240494.94,242536.12,245614.24,248435.18,247432.0,246610.63
17,446,960,450,Coweta County,county,GA,GA,"Atlanta-Sandy Springs-Alpharetta, GA",13,77,,,,,,,,,,,,,,,,,,,,,,,,,,,,,,,,,,,,,,228153.12,227303.04,229314.05,230463.73,229944.61,229825.26,229682.12,230386.79,231842.34,232958.08,233284.97,231907.69,230901.32,229730.03,229184.72,228093.26,227356.18,228445.0,228703.49,229556.53,229950.79,231017.63,232715.88,232073.66,231230.14,230091.46,229370.35,230186.51,230588.53,230995.31,230783.33,228606.36,228443.82,231037.09,232169.31,230001.5,229475.75,228464.91,227701.08,227352.0,228312.5,228526.12,228943.92,230429.21,231335.21,231339.37,231073.41,230679.6,229966.8,228388.89,227724.74,226769.82,226636.05,226796.31,227422.85,226894.62,226583.59,225011.3,224889.62,223207.83,221788.94,218709.78,216277.74,213515.37,210481.86,208942.5,209495.35,208933.52,210063.75,211626.86,210715.5,207035.89,202559.26,199960.87,197483.66,196852.37,194374.96,192642.45,190079.84,188689.79,188136.16,188154.02,188707.26,188782.31,189917.08,188979.48,188024.19,185711.44,184317.41,182451.47,180947.76,179900.93,176958.97,173638.44,169769.59,166678.97,164497.1,161976.17,159847.1,157510.63,154457.92,151396.75,148818.66,148328.78,147053.15,145961.1,144276.84,143605.5,141933.0,142481.87,143080.84,145388.97,147838.78,151511.94,152743.8,152383.34,151436.66,152249.13,153403.56,154126.72,154505.95,154709.99,155029.28,155136.0,155627.69,157505.34,159125.8,161638.41,164743.65,167308.13,168652.11,169198.17,169383.88,168758.5,169019.01,169760.7,170543.53,170460.6,170581.12,170995.25,172617.24,174473.1,176512.1,177803.88,178242.61,177728.56,178143.26,176756.81,176090.06,175619.34,175838.53,176616.63,178088.79,179584.75,180709.99,180846.47,181286.07,181337.66,181468.19,181968.78,182587.32,183717.08,184238.62,184191.4,185275.85,187289.85,189853.26,189346.05,188520.71,187074.71,186551.92,186946.85,187890.96,189022.22,189599.09,189455.47,190089.1,190542.92,192255.07,193781.91,195741.82,197298.34,197527.66,198147.67,199588.54,201516.06,203200.46,204330.85,205520.92,207246.74,208567.66,208991.45,208971.26,209316.88,209895.02,210711.29,211931.22,212459.19,213585.19,213780.97,214130.66,214768.3,216755.29,217279.83,218252.18,220218.51,223174.69,224507.4,223776.03,223679.65,224699.73,225924.39,227563.29,229547.76,232160.07,233730.83,235083.12,236417.06,237670.68,239953.66,244153.03,249244.23,255760.88,259652.63,264195.38,267443.07,272376.87,275996.98,279993.32,282638.84,286056.1,287058.8,285856.66,289449.81,292926.67,295097.0,293014.39
18,491,940,499,Clarke County,county,GA,GA,"Athens-Clarke County, GA",13,59,141372.39,141125.39,140418.62,141287.89,141592.13,141274.75,141612.46,142797.63,143219.69,144011.58,144740.36,145981.77,146568.23,146784.89,147288.86,146855.36,146934.16,147111.72,148066.22,148817.02,149054.88,150396.64,151276.71,152321.13,152721.21,153013.04,153093.5,152847.87,154204.8,155924.02,157525.78,158336.47,158892.31,159547.81,159765.54,160670.1,160689.6,160219.58,159850.93,160089.0,160580.41,160460.51,161347.99,162149.46,162850.15,163969.57,165067.07,166371.92,166922.45,167578.56,167653.76,168305.92,168047.32,168897.36,169744.71,170453.94,170704.46,171293.51,172851.03,174603.58,174391.43,173060.11,171838.47,171402.81,172568.51,172765.15,171802.31,170518.01,168490.79,167684.6,171271.43,173680.94,174992.49,174614.82,174035.26,171618.36,170011.62,169291.74,169361.42,169282.46,169933.92,170774.91,171225.07,171329.4,171269.9,170707.01,169441.25,168420.87,167118.19,166145.36,165493.7,165346.65,164840.98,164793.1,164170.3,164517.91,163865.91,163712.48,162458.48,161350.66,159603.22,157553.82,156393.49,156425.51,156227.02,157207.25,159831.3,160955.24,159949.88,158973.76,158416.49,157534.84,155843.08,153176.89,151877.88,150424.12,149021.75,147729.18,146472.2,145648.94,144126.94,144618.26,144036.39,144193.72,143435.84,144014.49,144116.16,144023.5,143591.92,143046.93,142711.41,141926.28,139955.56,137687.56,135537.1,134432.36,133047.65,131734.67,130187.36,128603.04,127073.73,125300.61,122580.41,120960.65,118889.5,116944.67,113801.5,111178.03,110063.64,109895.45,110419.46,110448.67,110076.01,112206.48,115828.36,120017.98,123516.62,124897.51,126290.64,126404.21,126377.05,126635.06,128879.9,129962.4,129642.84,127907.31,127145.21,127410.84,127319.26,127484.8,127369.95,127563.64,127995.49,127791.21,127568.27,126894.49,126421.25,126737.15,127890.21,129163.03,130412.54,130391.07,130256.93,130247.33,129505.67,128590.93,128094.79,128113.31,128323.04,128753.91,129006.23,129612.96,129102.13,128925.86,128456.6,128393.8,128369.41,127766.92,127298.05,126852.21,127033.6,127294.11,127608.02,127059.77,126422.59,127134.85,128989.21,130659.17,132093.89,132489.14,132760.06,131858.39,132439.77,135298.33,138522.19,140581.79,139770.99,138952.89,138989.08,139780.97,140465.54,141044.14,141783.69,143158.72,144195.36,144503.25,145691.91,146628.94,147514.92,147614.94,148156.47,148554.99,149411.16,150624.76,151420.42,152352.45,153857.33,155467.07,156915.62,157388.84,157070.5,157897.62,159412.63,161655.01,162811.8,163454.69,164286.2,166636.04,169675.92,172744.75,174236.08,174790.07,174526.26,174765.47,174792.4,175678.14,176508.12,178466.49,181078.07,184819.99,187777.51,189740.4,192223.41,195661.92,198209.82,202662.3,202557.54,204755.21,203004.02,204593.59,208248.27,212311.66,214662.0,215737.86
19,515,1590,527,Carroll County,county,GA,GA,"Atlanta-Sandy Springs-Alpharetta, GA",13,45,,,,,,,,,,,,,,,,,,,,,,,,,,,,,,,,,,,,,,,,,,,,,,,,,,,,,,,,,,,,,,,,,,,,,,,,,,,,,,,,,,,,,,,,,,,,,,,,,,,,,123272.21,121655.81,120203.97,118873.04,116823.64,115925.79,116441.51,116468.21,115201.59,114530.82,113828.8,112966.32,111809.58,110137.64,109641.34,108356.36,107282.63,106126.33,105005.79,104087.38,102658.99,102180.14,101471.78,101124.3,100826.95,100732.11,100586.97,99826.96,99018.88,98150.7,97329.44,96393.3,94979.42,93982.25,92417.21,91055.2,89725.17,89125.77,88559.46,87679.19,86977.2,86699.49,86295.13,86040.28,85072.78,84505.6,83620.22,83425.13,83505.06,83643.21,83672.23,83182.1,82871.57,83093.72,83673.66,84344.3,84858.63,84843.01,85121.61,85464.2,85876.76,86327.07,86782.25,86939.41,87233.91,88067.89,88944.72,89333.16,89438.54,89680.44,89811.26,90073.28,90042.99,90382.46,90888.65,91546.12,91924.93,92673.98,93971.42,94531.3,95420.22,95720.78,97130.57,99122.5,100316.0,101693.41,102519.86,103571.94,103197.05,103129.92,103399.33,104249.54,103870.77,103095.63,102582.55,102644.33,103552.73,104226.01,106049.02,107440.38,109372.25,110418.48,111233.67,111173.92,110765.67,110658.31,111129.67,111567.01,112018.69,112249.17,112680.73,113374.3,113478.23,114803.83,115572.33,117035.71,117978.63,119075.57,119571.69,119315.05,119476.82,120632.98,121563.54,122199.96,122731.84,123498.94,124691.2,126439.9,127990.43,129906.93,131025.34,131740.58,132498.02,133044.07,133083.58,132887.86,133561.81,134001.06,135140.37,135705.8,135837.14,136256.44,138074.97,142985.63,146740.49,149439.62,149593.63,150464.04,152061.07,154223.03,155789.73,156732.55,156538.42,159152.84,160475.13,161904.37,161697.21,162309.5,164540.72,168782.18,173727.52,177377.2,180080.83,183620.42,186593.95,189214.11,189995.77,192229.3,194374.84,195507.37,199489.57,200498.3,201266.0,200072.41
20,520,1889,532,Lowndes County,county,GA,GA,"Valdosta, GA",13,185,,,,,,106890.48,107103.37,107429.72,107266.1,107420.61,107774.89,108476.5,108590.03,108868.43,109148.53,109010.25,108937.05,109173.65,110278.8,111150.0,111753.29,112711.88,113068.12,113343.03,113159.1,113005.72,112714.0,112204.32,112534.47,112796.94,113271.56,113406.28,113890.64,114327.56,114592.77,114977.41,114690.07,114309.17,113972.98,114330.83,114656.85,114073.15,113902.29,112489.4,110379.88,109810.94,111048.02,111923.83,113684.52,115316.76,116832.12,116261.9,115307.79,113225.13,112431.31,111977.28,113316.89,113880.05,114445.12,116419.55,116318.54,115922.25,113081.85,112102.22,110774.73,110082.96,108742.01,108271.45,107724.28,107682.3,109613.18,109886.83,109583.97,109823.44,110591.43,110112.09,110227.9,110487.47,111713.57,112775.39,115181.69,117490.67,118702.58,118893.81,118819.39,119047.58,118865.13,118801.61,118646.7,119125.21,119186.87,119046.11,118217.82,117969.73,117400.27,117569.52,117436.58,117051.65,116554.49,116573.09,117101.27,116915.07,116911.57,117978.9,117750.22,118474.87,120229.42,121670.84,118398.2,115125.3,112049.7,112616.95,110196.85,107315.33,104613.48,103378.25,100314.89,97277.43,94420.7,94335.76,93888.45,94318.34,93908.08,93406.25,93274.04,93314.81,93355.02,92814.36,92394.89,91844.36,91272.63,90617.72,89337.69,88116.07,86502.76,85239.29,84197.88,84121.15,83898.23,83719.91,83084.11,83224.38,83038.8,82937.68,82256.14,81791.26,81311.93,80959.95,80896.21,81039.59,81252.2,81303.69,81931.41,83039.83,84275.73,84657.13,84890.85,84451.81,84536.34,84974.06,85498.34,85983.87,86523.05,86888.65,87020.95,87584.96,87946.32,88653.06,88952.56,89306.24,89450.76,89718.97,89905.75,89908.01,90311.85,90831.09,91423.66,92195.2,93356.81,94506.02,95867.26,96279.69,96362.45,96481.82,96153.54,96204.71,96629.81,97273.75,97721.05,98008.36,98594.59,98672.9,98315.86,98277.57,98620.25,97879.49,96281.69,94541.68,94662.84,94967.86,94933.12,94737.56,94784.31,95326.18,93824.18,92043.46,90232.67,89867.55,90463.9,90677.57,90632.26,90257.71,88884.03,88321.75,88980.19,90024.6,91087.52,91088.78,92463.93,93237.46,94020.42,94238.3,94565.25,94369.14,94579.41,94256.51,94460.21,94523.06,94371.48,94544.91,94325.12,94021.1,93174.66,93063.41,92723.07,93792.11,93953.35,94843.94,95015.99,95832.48,95088.18,94736.5,94224.45,94490.63,94463.32,95040.69,95878.58,97650.95,99411.52,101391.28,102761.45,103699.46,104630.88,104993.34,105053.83,104906.52,105181.36,105385.32,106178.91,106897.4,109197.13,110494.02,112873.28,114708.87,116118.58,116469.39,116484.42,117509.11,119247.77,119585.24,121089.04,121850.51,123001.0,125060.69
21,528,1697,541,Fayette County,county,GA,GA,"Atlanta-Sandy Springs-Alpharetta, GA",13,113,215249.1,214913.11,214053.7,215559.19,216586.77,216506.29,216717.93,217592.21,217127.78,217698.43,218313.28,219329.17,218737.83,219116.23,220345.41,221147.97,221473.55,221915.67,223637.72,225313.22,226158.37,228562.2,229704.96,231773.96,232453.79,232728.86,231976.7,231211.45,232223.37,233298.68,233810.87,233404.1,233228.77,233520.61,234105.06,235349.55,234832.79,233966.08,233448.68,235167.86,236551.93,237370.46,237901.54,237705.26,237415.95,238296.71,239915.78,241295.4,240504.23,240170.59,238718.21,238709.41,236892.34,236504.5,236618.97,236957.72,237011.89,236407.81,236601.04,237599.25,237771.69,236624.68,235547.01,234644.57,235730.29,236137.09,235989.7,236619.75,235463.7,236419.79,238838.81,239824.79,238118.45,237896.02,237376.58,236033.8,235952.83,236397.55,236550.87,236654.52,237945.22,239033.4,239390.75,239712.91,239927.72,239326.14,237669.56,236597.99,235312.28,234948.31,235143.46,235865.27,235555.85,234854.15,233617.13,233918.1,233050.81,231687.55,229499.1,227909.77,225877.8,222643.64,221083.94,221766.73,220767.42,220556.11,222150.85,222642.71,219895.42,216826.66,211909.61,204741.01,198322.14,195060.24,193738.16,192153.59,190866.69,189551.7,188090.91,187569.23,186853.69,187353.54,186504.16,185248.2,185614.85,185379.55,185009.61,182736.94,181227.09,180229.53,179426.66,177407.17,173485.16,169144.17,164781.32,162391.48,160249.31,159032.56,157218.04,155499.12,154163.19,154688.96,154062.55,154159.4,152415.52,153980.65,154570.68,155116.48,155536.36,157269.0,159265.61,158841.54,156940.5,155733.84,157279.71,156745.23,157031.9,154454.81,155026.21,154179.18,153233.68,151958.01,151026.53,150404.7,150748.43,151975.16,152897.46,153031.58,151907.34,151804.04,152780.89,155557.78,157385.59,158553.8,160344.84,162134.3,162923.88,163322.97,164073.86,165900.62,168305.54,169020.55,168554.77,168187.73,167258.65,167362.61,167768.02,168537.76,169006.36,170153.13,171848.65,173222.18,173512.59,174032.08,173958.96,173697.58,172919.83,173185.0,173702.52,174596.78,174302.23,174351.63,175343.89,176683.08,177250.74,177891.32,178462.69,180003.36,181354.71,182989.7,183722.29,184671.61,185805.78,188398.47,190080.86,191170.29,190595.5,190463.45,191044.71,191395.94,191745.23,191654.46,192447.14,193480.92,194907.12,196476.49,198776.03,201467.41,201533.28,201666.6,201105.1,201767.14,202016.55,202984.44,203329.52,204561.49,205900.66,206612.03,207752.21,209286.98,210245.38,211001.74,211297.54,212200.2,212949.67,212660.0,213121.3,212543.89,212846.96,213195.25,214857.29,216086.4,217425.69,218704.25,220627.39,221884.14,222724.8,223145.66,226970.82,232656.76,239262.02,243318.2,248120.25,255113.59,259117.39,260918.96,259190.82,261024.81,263600.18,265052.83,268832.86,271716.15,272238.0,271959.8
22,540,1263,556,Newton County,county,GA,GA,"Atlanta-Sandy Springs-Alpharetta, GA",13,217,,,,,,,,,,,,,,,,,,,,,,,,,,,,,,,,,,,,,,,,,,,,,,,,,,,,,,,,,,,,,,,,,,,,,,,,,,,,,,,,,,,,,,,,,,,,,,,,,,,,,,,,,,,,,,,,,,,,,,,,,,,,,,,,,,,,,,,,,,,,,,,,,,,,,,,,,,,,,,,,,,,,,,,,,,,,,,,,,,,,,,,,,,,,,,,,,,,,,,,,,,,,,,,,,,,,,,,,,,,,,,,,,,,,,,,,,,,,,,,,,,,,,,,,,,,,,,,,,,,186917.4,192822.62,198004.73,202977.1,210358.78,219077.44,226543.76,229944.71,231204.54,232510.16,234942.54,236537.08,241390.67,241925.21,239475.0,235009.68
23,555,855,571,Bartow County,county,GA,GA,"Atlanta-Sandy Springs-Alpharetta, GA",13,15,,,,,,,,,,,,,,,,,,,,,,,,,,,,,,,,,,,,,,,,,,,,,,,,,,,,,,,,,,,,,,,,165059.41,165821.62,166586.35,166739.56,166315.24,164689.62,164521.33,166171.92,166833.85,165405.73,165086.19,164114.92,162852.58,162197.88,162499.82,162793.72,163202.19,164634.09,165899.2,165860.43,165113.79,163913.34,163240.83,161578.48,160753.89,159836.05,159864.51,160148.85,160622.95,160618.56,160912.11,160553.7,161109.44,159837.32,158956.67,158306.5,159323.79,159870.39,157503.49,153276.5,150824.95,150549.51,151323.8,153735.16,154364.78,152932.53,151501.56,150425.2,148699.08,146977.25,144598.49,144143.13,142963.84,141994.91,140715.96,139452.97,138200.88,136683.7,135732.13,134552.43,133325.28,132129.61,131539.74,131194.77,130820.83,130061.31,129180.3,128347.35,127382.37,125899.76,124631.49,122807.67,121198.43,119555.18,119094.27,118568.44,117735.35,116701.3,116207.12,115868.34,115501.18,114872.09,114166.45,113334.41,112584.12,112305.69,112248.16,112288.89,111868.42,111602.33,112053.79,112952.09,113771.6,113831.82,113216.49,113164.8,113609.34,113715.77,113854.11,114186.64,114672.56,115131.32,116213.98,117135.68,117885.69,118112.37,118358.61,118185.34,118290.27,118352.66,118754.08,119380.97,120235.87,120786.37,121869.38,123276.29,124512.68,125192.84,124375.81,123194.95,123204.69,122856.96,123114.66,123440.96,124131.64,124738.07,124776.72,125080.66,125238.48,125430.18,126208.27,126826.3,127279.81,127550.26,128008.29,129148.26,130010.7,130994.68,132360.24,133951.16,134775.26,134779.06,135217.77,137008.35,138419.12,140129.79,141053.32,142106.17,142716.73,143070.16,145398.77,147592.4,150265.34,151240.16,152387.21,153790.58,154649.45,154883.12,156073.64,157441.12,159738.56,162353.82,163616.75,165479.66,166477.73,168047.58,168432.22,168417.95,168457.72,169714.34,170704.9,170833.12,171249.0,171393.53,171954.09,172855.28,174118.03,174449.53,174789.69,175924.13,177724.31,178509.19,178545.1,178763.41,179302.33,180496.62,182181.71,183934.3,185540.04,186769.3,189095.0,191313.79,192175.99,194744.73,197404.81,201705.46,204314.47,206177.2,207678.36,211037.93,215555.8,221631.59,225523.7,228023.83,230359.37,232770.52,235387.15,240473.02,244384.49,246812.0,248493.99
24,560,2872,576,Whitfield County,county,GA,GA,"Dalton, GA",13,313,170316.45,169811.58,168726.33,169369.42,169767.25,169674.67,170072.01,170589.02,170104.99,170229.62,171043.92,172344.81,172874.13,173244.36,173679.85,173385.2,173289.44,173596.0,174631.79,175262.2,175108.4,176272.55,176970.52,178123.43,178084.8,177916.2,177404.2,176861.58,177228.05,177485.9,177891.98,177575.61,177783.07,177806.49,178371.29,178998.69,178543.82,177562.83,178310.39,179827.21,180988.18,180146.39,179455.06,178719.9,178644.12,179427.66,179958.95,180097.88,179209.85,177783.53,176285.58,175591.93,175675.49,175874.0,176843.66,177060.46,177193.91,176453.83,176967.5,178145.63,178254.45,177840.3,176798.07,176172.17,176670.99,177239.39,177070.12,176818.38,175673.61,176262.53,178415.25,179611.07,179071.17,179378.39,178766.66,177816.72,177712.51,178273.5,178172.31,178127.01,179297.49,180841.08,181855.66,182378.07,182349.46,182082.03,180920.31,180184.86,179287.45,179256.92,179690.11,180360.0,180170.39,179954.84,179210.03,179494.26,178714.75,177972.91,176278.05,175194.69,173472.76,171762.46,170106.91,170112.6,169219.48,170239.1,172838.18,173987.93,172605.58,171295.48,170260.4,168906.63,167265.39,164471.65,163503.44,161726.63,160341.93,158919.01,157758.4,156988.04,155553.43,154825.86,153730.37,153083.98,152399.48,151866.18,151172.48,150278.83,149338.15,148191.62,147033.25,145849.34,144176.75,142692.72,140311.97,138254.2,136458.86,135766.23,135024.64,134033.62,133135.76,132721.43,132421.53,132325.45,131322.79,130336.45,129156.09,128741.28,128716.89,128817.97,129023.07,128426.25,128110.98,128402.05,129461.98,130315.73,130566.91,130140.35,130442.36,131253.34,131644.4,131964.8,132596.42,133075.45,133566.07,134534.93,135487.76,136264.81,136513.46,136798.1,136699.02,137061.11,137355.11,137886.84,138609.65,139536.65,140066.4,141029.21,142406.91,143862.36,145262.65,145321.13,145121.27,145577.04,145591.37,145826.93,146498.69,147289.33,148039.14,148592.44,149600.81,150896.8,151561.05,152270.09,152472.25,152494.61,152651.1,152829.93,153807.84,154257.0,154459.95,154775.95,154940.53,154496.53,153273.62,152889.57,153582.29,153878.33,154376.35,154948.91,155740.96,156513.91,157169.86,159580.43,163085.63,165854.37,166186.71,166484.31,167130.38,167472.04,167928.67,168808.67,169833.73,170385.68,170727.59,170824.37,172120.33,173541.35,174385.55,174729.42,174897.0,175022.27,175642.58,176491.74,177107.74,178053.8,178750.18,178904.13,178670.09,178411.21,177406.44,177636.39,178696.55,180596.43,181125.42,180663.54,180319.04,182320.44,184471.85,184455.11,187638.33,193764.89,196214.06,193211.72,191763.13,190201.01,188475.48,189544.79,191573.87,193390.05,196107.95,198260.82,201799.92,204279.73,205797.14,206051.81,206378.31,208471.61,209869.38,210305.15,213471.63,217351.47,220117.0,222135.91
25,589,512,608,Floyd County,county,GA,GA,"Rome, GA",13,115,,,,,,,,,,,,,,,,,,,,,,,,,,,,,,,,,,,,,,,,,,,,,,,,,,,,,,,,,,,,,,,,,,,,,,,,,,,,,,,,,,,,,,,,,,,,,,,,,,,,,,,,,,,,,,,,,,,,,,,,,,,,,,,,,,,,,148265.85,147134.6,144550.24,142307.0,140226.03,139415.16,138678.21,137775.41,137049.79,136572.76,136175.09,136060.67,135103.19,134024.66,132812.63,132282.31,132047.69,131830.31,131597.27,130937.24,130612.09,131353.23,132531.64,133544.92,132500.26,130815.36,129672.2,130432.6,130760.14,131035.63,131325.81,131715.0,132235.09,133222.12,134000.34,134623.16,135060.61,135555.4,135520.79,135761.57,135912.86,136389.99,136983.9,137815.84,138424.2,139395.37,140705.12,141923.35,143398.29,143657.03,143627.93,144002.67,143856.49,143845.63,144235.2,144942.93,145563.09,146037.9,146666.94,147720.72,148247.4,148901.58,148851.46,147151.15,143331.54,138621.61,135337.97,133694.17,133256.75,133050.3,133132.14,132835.32,132318.69,132767.55,133643.4,134077.29,135083.4,136298.67,136739.55,136597.27,136531.99,138370.34,140085.23,141170.54,140992.39,140633.67,140705.31,140859.0,140844.24,141123.05,141131.2,140780.92,141040.8,141669.97,143467.37,145156.91,146009.13,146451.32,146484.45,148891.81,151820.7,153700.11,153336.13,153419.09,154057.32,154423.29,154959.65,156118.32,156740.3,157500.61,159376.98,161954.84,163083.84,164030.35,164954.05,166176.99,166318.76,167040.85,168801.29,169984.84,169951.29,170151.08,169783.54,170411.14,169988.58,171917.4,173239.38,176573.24,178234.12,179897.91,183128.49,187007.93,189483.41,192639.18,192790.37,195149.03,196119.36,199610.24,205287.96,207843.07,209460.0,209583.82
26,614,1469,641,Walton County,county,GA,GA,"Atlanta-Sandy Springs-Alpharetta, GA",13,297,,,,,,,,,,,,,,,,,,,,,,,,,,,,,,,,,,,,,,,,,,,,,,,,,,,,,,,,,,,,,,,,,,,,,,,,,,,,,,,,,,,,,,,,,,,,,,,,,,,,,,,,,,,,,,,,,,,,,,,,,,,,,,,,,,,,,,,,,,,,,,,,,,,,,,,,,,,,,,,,,,,,,,,,,,82102.88,79533.84,79520.39,78960.41,78415.15,78954.04,80433.85,80013.01,80008.27,79760.14,81294.44,82196.97,82046.38,81574.78,83518.06,88250.47,91556.78,94858.82,96541.44,100674.85,103901.14,106545.79,108896.32,108873.2,108996.46,108244.95,107731.7,107599.06,107067.03,106882.85,106199.42,106039.39,107864.55,109732.13,110824.78,110071.44,109625.1,110382.17,110725.83,111854.97,112550.88,113379.14,113369.46,114083.11,116455.95,119419.17,121254.43,122251.12,123568.38,125155.7,124382.96,122684.53,121535.23,123034.59,124817.9,126989.27,128853.3,131898.31,134304.52,135886.07,136245.22,136216.52,135898.59,136933.48,139055.71,139462.31,137727.11,134868.06,134583.5,137926.03,142698.24,146210.48,147724.74,148797.84,149524.02,149969.11,149567.41,149805.56,151870.9,155262.01,158927.26,161630.56,163669.77,168883.57,171118.2,172796.7,170941.29,172515.69,172781.5,175373.55,178624.89,186344.92,191106.45,197964.19,203021.39,207856.81,212129.91,215429.02,220000.67,220925.45,220359.99,220451.14,217564.93,213029.0,212583.66
27,622,2514,650,Rockdale County,county,GA,GA,"Atlanta-Sandy Springs-Alpharetta, GA",13,247,145001.61,144175.62,143286.14,143925.02,145200.55,145676.95,146293.02,147038.48,146481.67,146730.62,147115.16,148475.64,148832.85,149199.2,149483.76,148734.53,148756.43,148985.94,149821.99,150517.61,150086.97,152015.14,152692.16,154249.45,156957.97,159486.72,162059.16,161658.01,162480.09,163300.49,164391.42,164476.31,164451.31,165176.19,166145.36,167082.07,166433.0,165380.9,165634.01,166696.93,167611.6,167516.37,167432.64,166950.48,166544.23,167009.85,167290.32,167566.88,165467.25,163472.35,160844.91,160423.15,159628.08,159470.54,159591.5,159602.82,159172.86,158423.02,158274.81,158839.85,160220.29,161588.59,162757.65,161810.69,161795.48,161501.7,160885.43,159851.66,158224.94,159178.19,161927.09,163625.97,162371.79,161381.69,160057.95,158342.28,157412.31,157217.54,157540.14,157560.07,158575.05,159054.08,159533.93,158696.68,158316.37,157688.23,156944.64,155657.4,154447.95,153303.03,151801.71,149899.34,148056.64,146727.73,146325.98,146934.35,146020.59,142607.15,135857.7,130198.82,126296.03,123440.88,120955.56,118711.82,117122.1,115383.08,114880.8,112649.19,110848.07,107569.17,105269.59,100307.02,96531.72,92455.18,90376.13,90355.41,89951.23,89624.41,88326.21,88410.57,88758.72,89440.49,89579.33,88612.59,88324.93,87117.6,85888.91,83222.67,82993.57,82889.0,82297.98,80447.82,77815.68,76287.15,72708.11,70987.88,69387.95,70280.23,70865.7,71581.37,71594.5,70722.63,69452.0,67422.05,65877.46,64268.01,63118.54,61681.01,61022.48,59884.65,59596.35,58199.77,57947.64,57739.22,59628.21,60873.81,62239.71,62162.38,62913.25,65277.57,67183.64,69371.8,69996.3,71093.71,71415.49,72554.31,73125.59,74602.86,75091.47,76161.18,75996.66,76240.21,75786.47,76092.67,76445.03,77324.17,77364.53,78110.66,77742.88,77691.97,76080.65,75377.36,75484.48,76717.54,77340.7,77366.74,77926.18,78320.67,78715.96,78147.37,78137.58,77843.32,77463.03,77317.96,76856.83,76929.59,76203.24,75872.5,76002.87,76228.89,77464.79,78985.41,80648.13,81117.18,80263.4,79948.32,80167.05,81855.13,84401.2,86908.02,88971.1,89630.29,89647.63,90118.26,91094.33,92631.2,93832.07,94589.81,95613.34,96742.83,99397.67,102392.63,105283.06,107501.17,109350.5,111439.29,113720.38,116094.34,117320.24,118559.52,120404.79,121783.41,121901.38,121469.23,121182.15,122515.24,123167.25,123755.92,124901.28,126626.25,128217.06,129043.86,130997.3,132855.06,133981.16,133992.3,134054.52,134602.64,135227.36,136852.58,138907.09,141230.9,142246.17,142962.43,143785.65,144142.83,145234.64,146056.37,149316.7,153971.45,158879.0,163470.88,167372.3,172154.86,176354.72,179720.34,181369.36,183542.98,184587.05,186790.78,190305.1,193741.8,194006.0,194331.69
28,623,2686,651,Dougherty County,county,GA,GA,"Albany, GA",13,95,,,,,,,,,,,,,,,,,,,,,,,,,,,,,,,,,,,,,,,,,,,,,,,,,,,,,,,,,,,,,,114642.48,114517.52,114399.2,115020.73,114052.32,111694.84,110585.16,110007.08,110364.3,111591.4,111198.94,109528.59,108195.25,108712.24,108396.05,110131.16,111565.58,115072.53,116926.92,119302.48,120424.92,121364.28,122106.05,122495.47,122857.24,122241.5,121219.89,120293.81,120253.45,120959.46,122001.1,121988.96,122593.68,122118.37,123108.99,122410.1,122120.13,120606.4,119919.42,119002.97,117994.8,117064.04,117050.89,116582.16,117516.91,119399.46,120412.89,119570.57,118787.26,117980.03,117039.01,115709.54,113807.61,112865.08,111695.27,110637.32,109624.7,108714.35,108121.35,107450.39,107234.64,106775.65,106574.18,106290.29,106140.88,105523.53,104873.65,104255.58,103526.09,102817.87,101990.13,100979.66,100068.38,98465.82,97096.78,95727.95,95295.4,94604.08,93886.68,93218.45,92924.8,92729.05,92576.92,91985.4,91497.43,90787.08,90628.45,90532.15,90596.56,90585.1,90166.22,89928.56,90136.78,90897.22,91463.26,91710.42,91415.42,91630.97,92287.96,92661.64,93066.46,93416.07,93662.98,93930.66,94611.63,95350.31,95856.47,96023.95,96125.28,95976.21,96339.41,96600.46,96968.84,97229.69,97663.17,97998.72,98540.56,99442.51,100204.24,101233.01,101165.75,101159.26,101696.69,102065.86,102361.31,102731.28,103048.85,103500.17,103967.29,104861.25,105873.34,106322.5,106860.94,107045.92,107164.78,107376.67,107612.57,108386.45,108757.75,108956.72,109234.83,109989.15,110501.45,110348.89,110393.91,110747.4,110890.91,111255.85,111703.92,112310.91,112622.36,112642.47,113310.54,113855.27,114526.64,114619.78,114793.75,115358.99,115395.06,115212.06,115068.77,115627.52,116257.82,116640.22,116706.8,117307.45,118116.9,118087.87,117898.45,117649.24,117670.69,118106.85,118604.77,119030.45,119632.28,120173.26,120342.03,119939.24,119415.51,117959.93,117697.19,117886.07,119105.69,119219.13,119113.73,118674.63,118257.06,117985.4,118197.49,119404.57,120344.01,122095.65,123285.0,124451.68,124596.36,124634.11,124371.7,124489.47,125217.96,125996.52,125762.1,125593.56,127800.05,129530.19,132340.45,132116.44,133068.71,132227.08,132518.9,134289.7,136151.2,136550.0,136853.85
29,644,525,676,Glynn County,county,GA,GA,"Brunswick, GA",13,127,,,,,,,,,,,,,,,,,,,,,,,,,,,,,,,,,,,,,,,,,,,,,,,,,,,,,,,,,,,,,,,,,,,,,,,,,,,,,,,,,,,,,,,,,,,,,,,,,377049.37,374952.26,370406.73,364596.77,356937.68,347484.36,340794.05,336281.52,331731.78,336055.68,345456.99,352978.0,351125.03,349952.65,349180.47,345602.32,341388.32,335377.78,334059.4,330330.47,327984.18,323876.42,320561.7,317133.15,314542.21,313943.47,312382.75,310421.12,308340.06,307132.59,306299.93,302947.77,299912.79,295482.13,292605.54,288895.52,285939.65,283890.07,280020.93,275483.0,271286.33,269373.36,267722.6,265272.68,263580.64,261643.97,259693.55,257526.37,255818.08,254527.17,252883.02,251405.41,250974.95,250616.63,250986.88,249566.91,249184.2,249134.87,250471.76,250840.45,251148.7,250334.51,250765.55,251372.43,251223.84,251226.19,252319.07,252871.27,253850.2,255030.49,256470.62,257226.21,257551.83,257765.99,257059.92,257370.82,257670.27,258634.64,259815.69,261379.77,262335.37,263627.38,265549.97,267376.47,269516.96,269022.95,267623.6,267048.04,265531.48,265447.88,265727.32,266787.94,267669.19,268555.84,269043.84,269392.87,268707.73,268949.9,268610.67,268608.5,269500.51,270384.21,272345.78,273128.58,273410.34,273422.29,274586.11,275345.75,275626.55,276433.77,277997.66,278468.4,279294.2,279838.37,281505.99,282732.77,283845.9,286108.31,287704.1,288928.0,288575.54,288917.87,289866.93,290606.38,291145.26,292645.44,295742.11,296810.35,297812.1,296992.27,299306.93,301455.65,301844.18,303338.87,302682.23,302003.2,299670.7,299894.93,300154.7,301459.83,300778.79,299422.63,299201.32,299308.6,297756.05,295804.02,296177.85,298081.41,298191.36,296681.35,295388.69,295752.86,299191.31,303459.13,307311.46,308547.05,309044.23,308938.11,308401.21,308293.37,309475.5,311366.77,314204.24,320823.49,327321.95,331443.42,333683.15,336066.64,337808.23,342445.02,347956.34,355815.62,362159.46,366265.31,374550.35,379141.7,380734.0,383062.11
30,663,852,705,Barrow County,county,GA,GA,"Atlanta-Sandy Springs-Alpharetta, GA",13,13,,,,,,,,,,,,,,,,,,,,,,,,,,,,,,,,,,,,,,,,,,,,,,,,,,,,,,,,,,,,,,,,,,,,,,,,,,,,,,,,,,,,,,,,,,,,,,,,,,,,,,,,,,,,,,,,,,,,,,,,,,,,,,,,,,,,,,,,,,,,,,,,,,,,,,,,,,,,,,,,,,,,,,,,,,,,,,,,,,,,,,,,,,,,,,,,,,,,,,,,,,,,,,,,,,,,,,,,,,,,,,,,,,,,,,186009.9,184550.77,183618.21,184107.84,185674.9,185654.38,184801.9,183841.11,184298.32,185424.22,187077.26,187769.42,189984.75,191965.32,194547.24,193586.09,190444.04,189020.49,191381.65,196842.27,200680.64,202864.25,203869.91,210045.82,216094.06,223333.52,224897.18,226911.28,230861.47,238335.29,245235.73,250652.41,252879.53,259106.33,265400.66,269984.77,271838.62,274808.38,279502.1,284587.22,284950.14,287782.82,287401.81,283605.0,277489.37
31,678,1566,724,Bulloch County,county,GA,GA,"Statesboro, GA",13,31,,,,,,,,,,,,,,,,,,,,,,,,,,,,,,,,,,,,,,,,,,,,,,,,,,,,,,,,,,,,,,,,,,,,,,,,,,,,,,,,,,,,,,,,,,,,,,,,,,,,,,,,,,,,,,,80445.94,79804.38,79510.67,78335.36,78275.08,77534.72,77106.94,76101.87,75035.5,74280.0,73425.69,73175.97,72516.67,72228.92,72045.1,71971.16,71695.94,71111.72,70592.09,70289.88,69894.07,69531.77,68504.0,67750.75,66419.1,65484.73,64757.8,64545.83,64149.74,63461.06,62879.51,62808.92,62747.81,62846.4,62196.57,61659.27,60911.16,60705.77,60778.38,60872.81,60948.87,60567.75,60389.75,60736.59,61328.71,61904.11,61878.82,61663.8,61654.73,62094.17,62386.44,62680.71,62969.86,63002.08,63089.87,63607.34,64157.77,64639.6,64544.66,64574.87,64312.4,64520.48,64726.35,65028.2,65297.76,65476.9,65581.04,66172.48,67001.78,67916.01,68444.14,68416.24,68188.7,68352.69,68440.39,68536.06,68849.84,69057.09,69391.79,69675.09,70105.1,70667.97,70852.02,71188.06,71243.04,71327.41,71402.0,71359.14,71610.47,71615.01,71593.24,71764.4,72157.82,72378.85,72096.38,72110.3,72320.78,72395.84,72392.22,72394.47,72349.88,72300.7,72153.18,72634.41,72980.39,73407.38,73419.17,73500.18,73691.17,73572.36,73468.2,73520.9,73837.48,74047.21,74235.22,74270.95,74712.5,75268.51,75541.52,75803.6,75903.79,76002.26,76163.01,76518.65,76651.29,76998.77,77089.92,77232.41,77097.29,77094.73,76643.75,76856.52,77370.28,78156.23,77425.41,76103.7,74614.1,74266.52,74134.72,74513.18,75017.22,75623.52,75919.32,75807.27,75444.41,75196.16,75191.29,75449.55,76026.59,77095.85,78059.93,78530.62,79068.21,79976.83,81801.99,84210.47,85242.07,86560.32,87023.92,88415.05,89840.03,90628.5,90416.0,90381.37
32,724,1605,795,Catoosa County,county,GA,GA,"Chattanooga, TN-GA",13,47,,,,,,,,,,,,,,,,,,,,,,,,,,,,,,,,,,,,,,,,,,,,,,,,,,,,,,,,,,,,,,,,,,,,,,,,,,,,,,,,,,,,,,,,,,,,,,,,,,,,,,,,,,,,,,,,,,,,,,,,,,,,,,,,,,,,,,,,,,,,,,,,,,,,,,,,,,,,,,,,,,,,,,,,,,,,,,,,,,,,,,,,,,,,,,,,,,,,,,,,,,,,,,,,,,,,,,,,,,,,,,,,,,,,,,,,,,,,,,,,,,,,,,,,,,,,,,,,,,,,,,,,,,,,,,,,,228596.0,226014.17
33,737,2554,815,Spalding County,county,GA,GA,"Atlanta-Sandy Springs-Alpharetta, GA",13,255,,,,,,,,,,,,,,,,,,,,,,,,,,,,,,,,,,,,,,,,,,,,,,,,,,,,,,,,,,,,,,,,,,,,,,,,,,,,,,,,,,,,,,,,,,,,,,,,,,,,,,,,,,,,,,,,,,,,,,,,,,,,,,,,,,,,,,,,,,,,,,,,,,,,,,,,,,,,,,,,,,,,,,,,,,,,,,,,,,,,,,,,88323.96,87706.29,86768.31,86311.04,86026.2,86453.46,85953.24,85746.12,85400.14,84927.21,83402.81,81709.07,81492.22,83475.51,85688.6,86995.58,87186.86,87067.52,86790.88,86624.8,86471.06,87136.07,87560.94,88636.63,89871.2,91814.94,92515.69,93350.73,94178.17,95718.02,96866.34,98085.29,99529.96,99770.22,99995.73,100057.96,102541.66,104344.31,106717.73,107609.18,110568.77,113807.81,116781.92,118462.71,118982.87,117932.22,116784.14,117107.47,118245.61,120060.91,122221.26,125937.86,128929.0,130979.35,129802.9,130928.41,132315.84,132027.68,129292.85,127720.06,128230.26,129305.51,128044.55,128100.05,129260.7,132514.49,135680.79,137503.05,138350.26,138816.08,140590.35,140806.11,140118.4,138295.03,138650.81,139511.27,141584.51,143568.47,144161.49,146477.59,148124.01,151282.89,153689.12,155424.06,158496.29,161270.59,163140.18,165864.3,166991.39,167438.0,168801.26
34,759,1859,852,Liberty County,county,GA,GA,"Hinesville, GA",13,179,99427.16,98733.23,98057.6,98352.09,98905.43,99034.71,99478.77,99973.45,99930.49,99802.54,99934.45,99952.65,99838.35,99859.52,100328.52,100347.61,100427.0,100417.82,101063.54,101076.92,101057.88,101599.53,102087.56,102624.68,102714.67,102630.8,102317.42,101609.69,101750.01,101962.37,102460.56,102414.36,102518.47,102546.92,102874.34,103503.79,103381.31,103026.9,102782.26,103264.32,103801.93,104049.22,104305.66,103993.74,103692.09,103881.2,104444.24,104981.13,104982.21,104788.21,104375.37,104264.86,104075.86,104122.19,104758.81,105104.49,105391.07,105454.69,105941.81,106970.98,107271.11,107431.19,107259.32,107227.61,107759.32,108196.82,108179.98,108070.45,107106.18,107192.09,108345.43,109205.13,108778.71,108909.27,108594.89,107650.71,107122.04,106956.2,107046.32,107578.71,108752.56,110077.82,110707.17,111114.74,111131.44,110901.72,110117.8,109885.28,109340.63,108797.22,107942.82,106947.78,105957.71,106357.74,107441.57,108976.28,108313.55,107605.92,106542.18,106187.31,106145.93,105556.3,104852.44,101572.81,99205.07,97409.29,100418.0,100808.1,101483.17,100898.47,102469.08,102517.35,102076.33,99120.85,97906.9,96840.7,95601.01,93704.92,92598.66,91555.28,89738.1,87877.99,86716.69,86500.98,86206.8,86139.89,86003.27,85652.2,85240.97,84532.42,81593.95,78614.26,76477.36,77019.42,76753.8,75804.77,74690.63,74623.43,74054.2,73893.79,73548.9,73847.74,73861.54,73481.26,72502.0,71392.82,70801.66,70567.77,70615.8,70657.42,70805.16,70507.34,70095.36,70180.37,70731.07,71400.37,71202.73,70507.98,70100.97,70456.02,70648.06,70997.55,71599.8,71960.49,72252.11,72526.35,72877.27,73152.25,73296.03,73608.78,73574.89,73736.27,73873.88,74220.99,74707.17,75210.28,75501.61,76015.54,76605.42,77363.32,78025.02,78180.78,78018.65,78270.58,78350.42,78627.91,79126.33,79632.11,80132.98,80520.95,80870.1,81521.34,81807.74,82408.9,82375.9,82344.46,82342.54,82584.04,83350.66,83683.32,83829.32,83884.55,84149.28,84386.06,84295.58,84656.25,85020.9,85212.56,85532.73,85965.33,86451.49,86733.76,86923.9,87702.05,88174.0,88648.46,88522.59,88797.67,89189.64,89440.68,89451.3,89558.66,89745.77,89879.57,89919.87,89924.43,90422.11,91210.4,91389.39,91413.33,91087.35,90546.02,90048.87,89705.33,89409.92,89402.89,89626.52,89642.37,89524.29,89054.87,88087.1,87783.24,87905.72,88608.63,88557.12,88163.82,87778.54,87116.65,86586.11,86497.76,87150.55,87740.87,88746.71,89483.41,89928.64,88024.12,86529.08,85404.84,87116.0,89091.11,91494.25,91896.1,92761.31,94083.63,95246.33,96265.19,96074.64,97052.48,97178.28,97380.06,98673.86,100609.93,103238.0,106920.28
35,783,1044,895,Gordon County,county,GA,GA,"Calhoun, GA",13,129,,,,,,,,,,,,,,,,,,,,,,,,,,,,,,,,,,,,,,,,,,,,,,,,,,,,,,,,,,,,,,,,,,,,,,,,,,,,,,,,,,,,,,,,,,,,,,,,,,,,,,,,,,,,,,,,,,,,,,,,,,120683.65,118522.17,118100.2,117555.71,117085.05,116534.83,115589.69,114788.75,113818.18,112796.35,111786.27,110453.07,109620.03,107995.63,106589.37,105262.78,104701.08,104026.39,102981.74,102142.75,101664.35,101186.04,100977.22,100369.86,100044.59,99303.46,98921.81,98941.17,99028.26,99158.83,98396.18,98009.09,98188.37,98983.27,99653.89,99822.76,99638.28,99828.57,100444.31,100811.13,101101.11,101545.4,101701.32,101967.26,102667.72,103366.85,103992.14,104251.28,104630.76,104590.55,104834.05,104970.72,105375.85,105886.64,106425.71,106634.96,107164.8,108192.75,109272.35,110417.65,110511.73,110496.46,110870.68,110866.32,110820.11,111005.45,111403.26,111961.15,112252.37,112809.95,113352.36,113752.85,114212.58,114334.87,114284.12,114282.0,114417.71,115006.5,115087.06,115101.19,115251.32,115908.02,116327.41,116285.32,116515.2,117007.37,117148.15,117392.53,117741.74,118122.52,118217.15,118134.44,118952.79,119863.17,120588.63,120943.51,121241.51,121986.07,122183.07,122534.7,122958.08,123484.5,123810.27,124328.52,124836.94,126170.31,127463.0,128173.2,128430.96,128595.55,128852.03,129536.81,130507.55,131225.71,132257.36,132915.62,133262.92,133231.72,133298.76,132668.53,132961.1,134060.65,135805.9,136505.93,136290.34,136117.62,136010.64,135900.16,135945.24,136741.16,137783.94,139934.86,141927.61,143858.49,144554.06,144798.02,145014.2,145867.03,147297.89,148243.86,148030.02,148175.48,151346.51,153260.22,156334.82,155448.83,156199.72,154968.8,155191.87,157761.77,160170.75,160918.0,161331.56
36,813,908,945,Camden County,county,GA,GA,"St. Marys, GA",13,39,,,,,,,,,,,,,,,,,,,,,,,,,,,,,,,,,,,,,,,,,,,,,,,,,,,,,,,,,,,,,,,,,,,,226727.16,224697.69,225375.91,228100.55,230686.78,231353.08,233674.68,234822.96,234423.82,234151.46,237519.54,239399.35,243774.13,246774.86,251260.18,252965.85,253319.3,252670.1,250733.25,248853.78,248509.89,248489.22,249609.78,250283.16,252082.02,252015.6,252271.74,250495.52,250194.52,249130.02,247250.5,243707.88,239673.05,236271.4,232913.2,230662.96,230880.17,230151.25,231767.97,235004.03,236477.31,234758.1,233414.6,232542.79,230285.09,227663.46,223371.44,222150.83,219705.08,217445.82,215229.29,213117.83,211937.97,209571.07,208382.25,206834.52,205752.97,204776.0,203844.52,202994.18,201675.59,200195.49,198579.94,197346.13,196289.87,194409.15,192461.36,189295.84,186239.74,183618.13,181979.35,180853.95,178864.34,177307.23,176246.18,175981.7,176210.35,175046.86,173644.6,172078.3,171500.68,171247.55,170820.0,170863.07,170042.43,169551.25,169967.51,171407.1,172769.68,173165.07,172827.13,173322.57,174293.06,174512.07,174535.37,175136.24,175428.37,175877.4,176839.85,177918.74,178803.87,179243.78,179936.08,180192.79,180826.37,181286.18,181690.19,182375.28,182932.52,183283.75,184206.65,185884.1,187766.97,189637.74,190115.08,190092.68,190931.4,190838.04,191016.4,191501.07,192137.58,193007.22,193832.83,195192.0,196778.59,197229.31,197967.13,197705.4,197453.53,197399.21,197514.05,198817.25,199093.25,199162.85,199310.23,200158.14,200561.03,200140.89,200621.95,201570.52,202007.48,202522.62,203192.1,203994.42,204374.27,204463.08,205971.37,207122.7,208384.68,206927.57,204753.66,203548.39,203280.3,202956.28,202556.75,202468.88,202444.75,201892.32,201046.83,201504.6,202600.38,202958.88,203315.17,203069.02,202324.64,201896.01,202045.85,202638.89,203299.33,203757.47,203829.01,204132.24,204437.09,204026.66,204538.41,207600.4,212187.46,213500.7,211083.83,211298.76,212829.37,213703.36,215384.93,219073.96,222727.36,226124.03,225958.17,224934.78,223909.13,224049.0,225439.76,225972.78,227443.54,229047.79,230245.68,232321.34,234832.21,237192.61,239641.42,240786.91,243159.39,243913.92,244149.82,248132.75,251888.6,254739.0,256490.55
37,871,1526,1070,Baldwin County,county,GA,GA,"Milledgeville, GA",13,9,,,,,,,,,,,,,,,,,,,,,,,,,,,,,,,,,,,,,,,,,,,,,,,,,,,,,,,,,,,,,,,,,,,,,,,,,,,,,,,,,,,,,,,,,,,,,,,,,,,,,,,,,,,,,,,,,,,,,,,,,,,,,,,,,,,,,,,,,,,,,,,,,,,,,,,,,,,,,,,,,,,,,,,,,,,,,,,,,,,,,,,,,,,,,,,,,,,,,,,,,,,,,,151015.66,150403.61,150715.11,151594.23,151682.21,153750.0,154145.67,154910.3,153990.29,154522.0,155372.59,155662.33,156108.77,156806.78,157581.44,158245.38,158368.11,160505.7,160813.28,161126.32,158747.12,159253.52,160701.84,162097.55,162630.53,163216.26,164302.02,165834.05,166862.45,168718.44,169396.83,169558.99,167138.89,165622.25,164687.36,163476.75,163885.91,165294.4,167871.57,169029.4,168750.78,169664.47,169342.42,169046.46,167295.04,168300.58,169754.66,172767.53,174653.75,176791.46,177439.73,178877.55,179292.37,181355.31,182118.45,182834.85,180986.04,180458.85,184210.2,187270.66,191730.08,191212.93,192437.7,191592.54,192411.19,195921.17,198051.05,197662.0,196456.08
38,874,1430,1079,Thomas County,county,GA,GA,"Thomasville, GA",13,275,,,,,,,,,,,,,,,,,,,,,,,,,,,,,,,,,,,,,,,,,,,,,,,,,,,,,,,,,,,,,,,,,,,,,,,,,,,,,,,,,,,,,,,,,,,,,,,,,,,,,,,,,,,,,,,,,,,,,,,,,,,,,,,,,,,,,,,,,,,,,,,,,,,,,,,,,,,,,,,,,,,,,,,,,,,,,,,,,,,,,,,,,,,,,,,,,,,,,,,,,,,,,,,,,,,,,,,,,,,,,,,,,,,,,,,,,,,,,,,,,,,,,,,,,,,243099.95,245714.32,238665.48,230127.93,216851.13,206579.94,203567.54,202160.14,208352.58,213769.85,220557.2,220005.07,221107.8,224135.27,227358.76,225583.33,220112.85,219289.21,214066.18,206925.49,197451.91,192712.59,192978.0,194192.26
39,875,2713,1081,Habersham County,county,GA,GA,"Cornelia, GA",13,137,,,,,,,,,,,,,,,,,,,,,,,,,,,,,,,,,,,,,,,,,,,,,,,,,,,,,,,,,,,,,,,,,,,,,,,,,,,,,,,,,,,,,,,,,,,,,,,,,,,,,,,,,,,,,,,,,,,,,,,,,,,,,,,,,,,,,,,,,,,,,,,,,,,,,,,,,,,,,,,,,,,,,,,,,,,,,,,,,,,,,,,,,,,,,,,,,,,,,,,,,,,,,,,,,,,,,,,,,,,,,,,,,,,,,,,,,,,,,,,,,,,,,,,,,,,,,,,,206209.84,207688.97,208934.28,210746.59,212991.94,214634.24,214259.69,214160.34,218799.58,221611.53,226093.85,225625.66,227685.0,226265.63,226265.88,229393.17,233236.56,234315.0,235246.72
40,936,1275,1222,Oconee County,county,GA,GA,"Athens-Clarke County, GA",13,219,,,,,,,,,,,,,,,,,,,,,,,,,,,,,,,,,,,,,,,,,,,,,,,,,,,,,,,,,,,,,,,,,,,,,,,,,,,,,,,,,,,,,,,,,,,,,,,,,,,,,,,,,,,,,303659.48,301989.02,300392.71,297915.95,294913.53,289831.34,287750.13,284083.57,281249.46,272620.11,264999.2,258242.71,259691.76,261494.94,263023.62,262182.28,261591.49,261028.72,260223.49,259145.5,257829.01,256288.35,253898.94,251120.65,246653.76,242956.91,238396.59,235077.81,232203.88,231135.28,229999.2,228845.26,228073.14,227849.8,227827.0,228099.67,226498.03,224825.9,222474.02,221632.38,221874.68,223550.83,225650.46,225814.95,223249.56,221741.5,221834.07,223263.02,223999.3,223405.66,224453.93,225623.15,226556.2,227323.07,228937.42,230289.31,231743.2,232754.58,233253.86,233065.01,233022.12,233446.75,233303.27,234244.35,234860.09,235955.28,237238.35,238974.29,239888.14,241859.9,243957.17,246269.79,246343.26,244735.53,242417.69,243102.59,242799.57,242984.36,244176.92,245230.64,246325.26,247802.57,249397.21,254062.13,254308.07,256398.42,255663.05,256936.45,258299.28,258606.37,257034.68,253296.52,249890.97,249330.56,249950.18,250264.25,254319.2,258701.05,263426.37,263176.7,264292.08,265671.36,267669.92,267349.52,267532.33,270091.27,274537.98,277781.63,275459.89,273080.38,271454.54,272571.35,272533.7,273632.41,274684.55,276676.76,278653.07,280365.81,283306.45,285070.74,285972.73,285392.49,286101.05,286396.7,287894.21,288429.01,289295.57,290718.16,292317.02,292608.68,289833.46,289815.56,291550.0,298056.37,300237.02,303353.34,302957.3,303383.21,301506.96,301129.06,301158.4,301688.92,302282.71,301871.9,300527.43,298840.41,298357.72,296780.21,296652.54,299149.07,304006.33,309523.68,313062.05,321662.1,332939.92,345818.23,352478.24,358939.58,361327.48,363944.48,363551.62,359760.41,361642.21,363607.36,366485.0,367363.79
41,944,412,1246,Bryan County,county,GA,GA,"Savannah, GA",13,29,,,,,,,,,,,,,,,,,,,,,,,,,,,,,,,,,,,,,,,,,,,,,,,,,,,,,,,,,,,,,,,,,,,,,,,,,,,,,,,,,,,,,,,,,,,,,,,,,,442072.07,438730.34,435017.57,428935.18,424361.58,421054.62,421654.15,419705.29,423656.48,432275.68,437643.13,434454.73,431615.31,429195.23,425089.35,420137.04,412222.86,410207.84,405814.81,402145.99,397394.33,393954.89,392426.11,387420.0,383512.4,378737.71,377560.95,375155.8,373607.83,370755.75,368861.9,365810.33,363173.21,360270.87,358291.87,355310.27,349535.21,339955.78,331479.11,326384.51,327149.95,325053.91,322731.94,318568.0,318207.92,312024.28,308142.55,298248.4,295213.55,288604.74,287193.68,285769.48,285445.44,285754.65,284696.25,285586.33,286001.54,290198.11,291211.85,295216.21,296156.0,299322.49,301775.84,303476.93,305358.72,306571.32,306144.6,302006.44,300867.18,299381.7,302346.83,305072.12,308299.5,309330.08,308938.38,310402.03,315208.52,319171.07,321259.98,319965.98,317900.44,315743.81,313407.16,314199.39,312494.23,312372.51,313718.35,315200.22,315240.5,317216.71,318695.34,321589.71,322679.08,325375.03,327429.32,326456.73,325827.74,326635.63,329594.94,333306.53,333703.04,336110.13,336940.4,339086.56,341611.18,345409.63,345131.87,341804.84,335325.55,335944.37,336798.5,342111.51,340587.35,342734.63,343228.56,347399.77,350130.75,353416.77,353028.68,348764.1,345433.82,345796.29,347084.32,344588.58,342679.79,340984.23,344379.26,347310.47,348346.97,351168.67,354380.24,358692.52,360547.93,361823.85,362748.56,364437.37,366248.95,367506.26,368155.39,369387.29,370174.4,373008.66,375263.33,373891.26,370625.05,366653.29,364662.33,362586.54,360257.49,357778.84,354401.21,352989.19,354500.15,356859.87,353256.15,347239.33,342258.96,342640.75,342226.0,342667.45,345346.71,350023.02,355238.27,359720.78,365071.19,372542.37,378044.24,382813.78,387753.55,391639.68,395101.67,396525.89,397934.33,405761.29,412470.23,417797.0,416851.05
42,1007,81,1440,Lee County,county,GA,GA,"Albany, GA",13,177,,,,,,,,,,,,,,,,,,,,,,,,,,,,,,,,,,,,,,,,,,,,,,,,,,,,,,,,,,,,,,,,,,,,,,,,,,,,,,,,,,,,,,,,,,,,,,,,,,,,,,,,,,,,,,,,,,,,,,,,,,,,,,,,,,,,,,,,,,,,,,,,,,,,,,,,,,,,,,,,,,,,,,,,,,,,,,,,,,,,,,,,,,,,,,,,,,,,,,,,,,,,,,,,,,,,,,,,,,,,,,,,,,,,,,,,,,,,,,,,,,,,,,,,,,,,,,,,,,,,,,,,,,,,,,,,,,181354.34
43,1069,1339,1738,Putnam County,county,GA,GA,,13,237,,,,,,,,,,,,,,,,,,,,,,,,,,,,,,,,,,,,,,,,,,,,,,,,,,,,,,,,,,,,,,,,,,,,,,,,,,,,,,,,,,,,,,,,,,,,,,,,,,619707.09,617030.87,615180.63,609299.56,597507.61,587027.13,581140.06,580634.39,571617.13,567271.1,553953.22,553177.64,551220.85,552601.86,546352.76,541535.53,526440.54,518945.05,510763.51,500043.47,485744.61,469008.23,463293.39,456443.3,450246.65,445741.84,444768.85,445844.58,440943.68,436461.37,432714.94,429836.86,427205.6,418634.62,412346.71,402387.56,399156.33,392747.59,387417.15,381411.76,377756.23,374326.6,369242.28,366346.07,366795.23,367693.98,368367.73,363262.93,359036.99,354282.59,363389.69,374751.82,383700.24,383770.84,378503.35,377363.15,378268.3,387386.78,394204.81,401082.63,400964.26,405341.65,408178.49,410562.0,411677.72,409981.96,408621.33,407552.15,407554.67,406330.84,404748.25,405119.65,403582.83,401736.44,400572.86,399293.47,398848.94,397880.93,400292.48,400732.14,404666.59,408112.73,410488.0,411786.22,410070.04,409183.72,411191.21,411874.22,412713.84,414783.01,416447.34,416164.87,413575.43,411871.5,413420.51,409375.7,407455.54,401989.3,402608.21,401942.2,403517.9,404071.99,404769.66,404065.71,406303.14,409045.16,410620.13,415413.13,422457.61,430203.05,430039.26,428940.7,428558.01,429283.12,427919.29,424685.36,424849.26,420661.2,419172.49,414244.18,415887.14,415963.41,412539.5,409278.35,408100.55,410089.38,410040.61,410439.45,412223.75,416700.35,422227.17,423823.27,423928.56,422204.31,420484.58,419798.83,421788.27,420313.06,421184.66,418358.03,419779.65,419478.67,418890.44,413857.84,413416.31,417038.73,422336.31,422958.98,419810.9,417834.4,414907.48,413559.55,413926.04,419313.77,423993.52,430071.03,438825.89,447838.01,454083.32,456552.55,456049.97,458557.88,461715.8,468240.56,470244.77,473134.26,482662.98,488630.84,497783.91,498636.7,504353.59,503718.4,504946.52,513840.01,518919.69,519628.0,519017.61
44,1109,1053,1954,Greene County,county,GA,GA,,13,133,,,,,,,,,,,,,,,,,,,,,,,,,,,,,,,,,,,,,,,,,,,,,,,,,,,,,,,,,,,,,,,,,,,,,,,,,,,,,,,,,,,,,,,,,,,,,,,,,,,,,,,,,,,,,,449788.06,448761.13,446790.41,443803.29,438458.95,436237.51,433697.72,430157.14,428429.31,426553.97,425424.94,408848.44,393592.65,377630.29,375713.46,373726.03,372638.28,370834.72,368410.52,366213.89,363812.39,363510.21,361996.91,359683.75,354587.31,348234.43,342792.88,337615.09,335557.59,333196.61,332150.61,330651.51,329967.71,328675.86,327768.24,324357.66,321107.97,316354.8,313941.68,312895.03,313508.45,314452.93,313485.65,309228.92,306277.44,304815.41,306807.13,307659.25,306649.35,306897.84,308482.17,308785.06,308750.03,309066.79,309478.47,311712.48,314015.66,316865.26,317334.39,317389.0,316839.1,316221.05,316600.46,317099.24,318106.33,319835.07,321877.68,323615.75,326553.43,330315.8,332649.4,334135.85,332540.49,332117.89,333436.22,334271.42,334384.43,336022.31,337505.2,339786.5,340937.72,341841.44,342455.13,342145.52,343117.16,343162.91,342300.34,341029.77,339558.71,340601.2,339999.07,339216.87,338081.1,338237.63,334629.41,330445.32,328419.61,329997.28,328323.61,327729.11,328327.53,330482.11,331325.73,331327.91,334731.0,336793.68,335919.03,332087.23,329114.75,329434.35,328979.4,329635.4,330437.11,332596.07,331920.54,331893.89,331947.03,334492.22,336830.47,336835.67,337595.97,337116.12,336515.89,336742.15,338621.82,339881.26,340844.81,341453.06,341980.95,342665.26,343855.1,341389.43,342515.96,344414.11,350484.63,352532.58,352062.37,350974.39,350454.7,352495.42,355154.43,359929.13,363785.05,369646.7,373829.53,377250.06,377663.49,378418.49,380844.03,384537.17,390414.7,392374.96,391665.86,390872.09,400452.65,407572.07,416584.25,416767.35,421212.98,421565.53,421218.32,428860.69,437142.18,441919.0,449613.15
45,1119,692,1998,Rabun County,county,GA,GA,,13,241,,,,,,193953.01,194768.23,195882.97,196681.01,198474.14,200486.05,202320.71,202963.45,203755.82,205331.5,205065.97,204222.95,202604.81,202779.23,206763.98,209516.82,214754.03,215595.71,218077.45,219088.21,220182.12,220778.34,220512.83,221433.96,221880.07,222058.86,221518.63,221723.78,222065.75,223023.46,223769.28,223089.52,222032.16,221985.64,224051.28,225386.45,226070.11,226314.89,226249.37,226787.27,228033.58,229608.74,230213.82,230529.43,230843.94,230032.54,229898.32,228799.57,229045.97,229952.55,230650.36,231311.74,231881.83,233283.32,236931.75,240420.71,241182.03,238765.38,238398.14,240051.1,241084.4,241268.14,241475.37,240175.6,241254.84,244184.66,245171.25,243659.46,243980.06,244227.82,243716.93,243581.9,244037.91,243668.43,243811.98,245607.52,247590.53,248429.03,248109.72,247779.9,247145.29,245935.59,244988.73,243861.88,243489.91,243295.38,243949.38,243091.01,243046.57,241756.94,242227.3,241167.05,241304.33,240324.57,239635.75,236560.49,232899.63,230139.41,230040.22,229512.27,230364.6,232846.7,233444.68,231343.61,230535.94,229470.18,227693.38,225465.05,222225.17,220880.08,218562.32,217076.13,215837.52,212896.94,209979.4,206939.77,205937.84,204432.85,203379.97,202723.16,202311.22,201736.21,200378.57,197124.68,193754.17,190680.25,188975.93,186655.48,184470.81,181513.94,178679.19,176405.6,175608.53,174844.8,173474.38,172116.43,171428.74,171168.07,170966.57,169784.15,168270.68,166941.56,166085.29,166211.96,166225.83,166615.07,165771.56,164873.52,164820.91,165771.87,166714.62,166862.34,165981.14,166117.0,166873.21,167422.67,167835.38,168729.85,169060.14,169578.68,170658.31,172198.28,173266.31,173455.22,173395.16,173021.71,173314.53,173658.26,174199.72,175302.96,176347.52,176980.52,178028.8,180051.03,181957.52,183289.01,182439.51,181577.58,181973.18,182050.06,182167.06,182858.77,183232.7,183635.64,183830.57,184905.97,186375.72,186713.32,186955.33,186723.36,186570.45,186892.34,186839.61,187741.9,187827.19,187580.82,187438.1,188021.56,187384.7,185942.1,184856.96,185515.2,185610.0,186215.54,186658.67,187196.16,186940.72,185721.61,186018.36,186623.89,187796.76,187925.19,187936.32,188681.47,189037.31,189692.48,190800.52,191826.45,192486.25,193185.81,193839.21,195604.67,197378.57,198057.13,198147.54,197869.66,197998.21,198685.61,199590.44,200126.27,201177.6,202083.62,202321.59,201967.41,201280.44,199965.23,200272.37,201569.33,203385.87,203597.23,202935.91,202770.29,202951.68,203977.39,205191.09,207804.04,209774.75,213330.68,216170.8,219267.04,220753.83,222102.95,223050.62,224759.47,227866.68,231006.24,231871.42,231984.97,236442.92,240026.11,245882.72,246089.12,248130.33,246388.54,246528.81,249821.78,252930.83,253178.0,253493.7
46,1136,2424,2151,McIntosh County,county,GA,GA,"Brunswick, GA",13,191,,,,,,,,,,,,,,,,,,,,,,,,,,,,,,,,,,,,,,,,,,,,,,,,,,,,,,,,,,,,,,,,,,,,,,,,,,,,,,,,,,,,,,,,,,,,,,,,,,,,,,,,,,,,,,,,,,,,,,,,,,,,,,,,,,,,,,,,,,,,,,,,,,,,,,,,,,,,,,,,,,,,,,,,,,,,,,,,,,,,,,,,,,,,,,,,,,,,,,,,,,,,,,,,,,,,,,,,,,,,,,,,,,,,,,,,,,,,,,,,,,,,,,,,,,,,,,,,,,,,,,,,,,,,,,,,,,239520.39
47,1151,752,2316,Towns County,county,GA,GA,,13,281,,,,,,,,,,,,,,,,,,,,,,,,,,,,,,,,,,,,,,,,,,,,,,,,,,,,,,,,,,,,,,,,,,,,,,,,,,,,,,,,,,,,,,,,,,,,,,,,,,300833.34,296586.99,291204.07,289118.99,285932.12,284515.44,282444.88,280509.42,281735.51,286313.36,288164.72,287121.18,285536.76,284814.79,281778.3,277748.15,272381.44,270630.86,268072.49,264930.92,262048.11,259625.02,258442.0,249604.89,242052.01,234942.71,234257.62,233098.04,237321.12,242302.91,246929.87,245479.17,243287.54,241855.86,240316.99,241451.41,242368.14,241617.47,237676.29,233588.33,231995.24,230640.32,229180.66,225952.61,224181.99,222028.08,223464.84,227016.58,231176.31,232959.71,233082.35,233074.64,228249.77,222208.28,215415.42,215057.44,215677.46,218572.32,221234.76,221029.67,218222.9,215455.58,216127.83,216430.49,217601.66,217700.2,218342.22,217762.81,218701.23,219893.81,220488.34,220607.54,220196.77,220134.31,220724.28,221052.72,221476.2,222494.5,223803.95,225148.18,226666.54,229219.27,230771.59,231988.45,230889.16,231098.16,232739.35,233961.66,234454.66,235540.84,235787.72,236316.27,236214.18,237485.42,236813.95,235448.44,234202.07,234036.74,233873.95,233933.57,234007.63,235236.76,235680.21,236404.62,237258.29,238151.79,239051.21,238584.06,239474.56,240081.14,240361.75,240999.37,241540.68,242567.12,242944.24,243759.46,245631.92,247706.39,249051.25,249208.22,249274.09,249991.47,249941.08,249734.08,249820.77,250442.28,250817.63,251612.91,252429.7,254575.76,256055.42,255932.52,255598.5,255174.64,254777.2,255337.03,256762.45,258419.89,259822.4,260648.98,261061.31,261407.94,261215.16,259410.59,259369.38,260531.91,262631.94,262894.23,262293.59,262017.1,261457.29,261882.77,262929.98,265163.03,267060.43,270534.83,274087.03,276809.54,276983.68,277049.83,277560.53,279756.4,282318.42,284004.5,283313.75,283129.85,288630.93,292090.08,298120.91,297869.27,300688.66,299312.07,300412.03,305619.79,312100.82,314747.0,317002.08
